ANO,MES,CODIGO_RNT,COD_MUN,COD_DPTO,ESTADO_RNT,RAZON_SOCIAL_ESTABLECIMIENTO,DEPARTAMENTO,MUNICIPIO,CATEGORIA,SUB_CATEGORIA,HABITACIONES,CAMAS,NUM_EMP
2024,3,2538,27075,27,ACTIVO,HOTEL PLAYA DE ORO,CHOCO,BAHIA SOLANO,ESTABLECIMIENTOS DE ALOJAMIENTO TURÍSTICO,HOTEL,27,70,7
2024,3,2567,27006,27,ACTIVO,TACARCUNA LODGE,CHOCO,ACANDI,ESTABLECIMIENTOS DE ALOJAMIENTO TURÍSTICO,HOTEL,35,100,6
2024,3,4309,27075,27,ACTIVO,ECOLODGE EL ALMEJAL S.A.S.,CHOCO,BAHIA SOLANO,ESTABLECIMIENTOS DE ALOJAMIENTO TURÍSTICO,HOTEL,12,40,5
2024,3,5249,27001,27,ACTIVO,VIAJES TRUANDO LIMITADA,CHOCO,QUIBDO,AGENCIAS DE VIAJES,AGENCIA DE VIAJES Y DE TURISMO,0,0,3
2024,3,6333,27001,27,ACTIVO,CORTES & CIA SAS,CHOCO,QUIBDO,AGENCIAS DE VIAJES,AGENCIA DE VIAJES Y DE TURISMO,0,0,2
2024,3,7537,27006,27,ACTIVO,HOTEL ECOLOGICO LAS MAÑANITAS S.A.S.,CHOCO,ACANDI,ESTABLECIMIENTOS DE ALOJAMIENTO TURÍSTICO,HOTEL,37,100,1
2024,3,9543,27006,27,ACTIVO,HOTEL CALIPSO,CHOCO,ACANDI,ESTABLECIMIENTOS DE ALOJAMIENTO TURÍSTICO,HOTEL,16,44,5
2024,3,10115,27495,27,ACTIVO,CABAÑA LOS TERMALES,CHOCO,NUQUI,VIVIENDAS TURÍSTICAS,FINCA TURISTICA (ALOJAMIENTO RURAL),1,16,0
2024,2,10896,27006,27,ACTIVO,RASAMAR,CHOCO,ACANDI,ESTABLECIMIENTOS DE ALOJAMIENTO TURÍSTICO,HOSTAL,18,27,0
2024,2,11687,27495,27,ACTIVO,CABAÑAS PIJIBA LODGE  2,CHOCO,NUQUI,ESTABLECIMIENTOS DE ALOJAMIENTO TURÍSTICO,HOTEL,6,18,0
2024,3,13149,27006,27,ACTIVO,HOSTAL HELADERIA LUZ DE ORIENTE,CHOCO,ACANDI,ESTABLECIMIENTOS DE ALOJAMIENTO TURÍSTICO,HOSTAL,8,22,0
2024,3,13784,27006,27,ACTIVO,LOS ALMENDROS CAPURGANÁ,CHOCO,ACANDI,VIVIENDAS TURÍSTICAS,FINCA TURISTICA (ALOJAMIENTO RURAL),6,30,2
2024,1,14131,27495,27,ACTIVO,POSADA TURISTICA LA JOVISENA,CHOCO,NUQUI,VIVIENDAS TURÍSTICAS,FINCA TURISTICA (ALOJAMIENTO RURAL),4,20,3
2024,3,15246,27001,27,ACTIVO,HOTEL CHOCO,CHOCO,QUIBDO,ESTABLECIMIENTOS DE ALOJAMIENTO TURÍSTICO,HOTEL,24,28,0
2024,3,15247,27001,27,ACTIVO,HOTEL QUIBDO,CHOCO,QUIBDO,ESTABLECIMIENTOS DE ALOJAMIENTO TURÍSTICO,HOTEL,22,28,0
2024,3,15248,27001,27,ACTIVO,HOTEL QUIBDO NO.2,CHOCO,QUIBDO,ESTABLECIMIENTOS DE ALOJAMIENTO TURÍSTICO,HOTEL,20,22,0
2024,1,15293,27006,27,ACTIVO,HOSTAL CAPURGANA,CHOCO,ACANDI,ESTABLECIMIENTOS DE ALOJAMIENTO TURÍSTICO,HOSTAL,7,22,0
2024,2,15590,27001,27,ACTIVO,HOTEL LOS ROBLES,CHOCO,QUIBDO,ESTABLECIMIENTOS DE ALOJAMIENTO TURÍSTICO,HOTEL,86,95,2
2024,4,15855,27006,27,ACTIVO,CASA BLANCA LODGE CAPURGANA,CHOCO,ACANDI,ESTABLECIMIENTOS DE ALOJAMIENTO TURÍSTICO,HOTEL,11,22,2
2024,1,16844,27001,27,ACTIVO,HOTEL SU PAPA,CHOCO,QUIBDO,ESTABLECIMIENTOS DE ALOJAMIENTO TURÍSTICO,HOTEL,7,11,0
2024,3,17341,27075,27,ACTIVO,POSADA ECOTURISTICA DE EL VALLE,CHOCO,BAHIA SOLANO,ESTABLECIMIENTOS DE ALOJAMIENTO TURÍSTICO,HOTEL,11,23,0
2024,1,17626,27006,27,ACTIVO,SOL Y LUNA SOLARIUM,CHOCO,ACANDI,ESTABLECIMIENTOS DE ALOJAMIENTO TURÍSTICO,HOTEL,11,30,0
2024,1,17629,27495,27,ACTIVO,LA CABAÑA DE BETO Y MARTA,CHOCO,NUQUI,VIVIENDAS TURÍSTICAS,FINCA TURISTICA (ALOJAMIENTO RURAL),4,12,0
2024,2,19425,27075,27,ACTIVO,POSADA DEL MAR BAHIA SOLANO,CHOCO,BAHIA SOLANO,ESTABLECIMIENTOS DE ALOJAMIENTO TURÍSTICO,HOTEL,5,7,0
2024,3,20267,27495,27,ACTIVO,CABAÑAS PLAYA TERCO,CHOCO,NUQUI,ESTABLECIMIENTOS DE ALOJAMIENTO TURÍSTICO,HOTEL,4,8,0
2024,2,20280,27075,27,ACTIVO,POSADA VILLA MAGA,CHOCO,BAHIA SOLANO,VIVIENDAS TURÍSTICAS,FINCA TURISTICA (ALOJAMIENTO RURAL),3,8,0
2024,3,20287,27075,27,ACTIVO,PRIMITIVO LODGE,CHOCO,BAHIA SOLANO,VIVIENDAS TURÍSTICAS,FINCA TURISTICA (ALOJAMIENTO RURAL),5,10,1
2024,3,20797,27001,27,ACTIVO,HOSPEDAJE LOS BALCONES,CHOCO,QUIBDO,ESTABLECIMIENTOS DE ALOJAMIENTO TURÍSTICO,HOSTAL,20,24,1
2024,3,20857,27075,27,ACTIVO,POSADA PUNTARROCA,CHOCO,BAHIA SOLANO,VIVIENDAS TURÍSTICAS,FINCA TURISTICA (ALOJAMIENTO RURAL),6,24,0
2024,1,20886,27361,27,ACTIVO,AGENCIA DE VIAJES Y DE TURISMO AEROPACIFICO TOURS,CHOCO,ISTMINA,AGENCIAS DE VIAJES,AGENCIA DE VIAJES Y DE TURISMO,0,0,1
2024,2,20959,27001,27,ACTIVO,HOTEL Y CENTRO COMERCIAL DIVINO ECCEHOMO,CHOCO,QUIBDO,ESTABLECIMIENTOS DE ALOJAMIENTO TURÍSTICO,HOTEL,34,44,2
2024,4,21977,27001,27,ACTIVO,AMMAS LTDA,CHOCO,QUIBDO,AGENCIAS DE VIAJES,AGENCIA DE VIAJES Y DE TURISMO,0,0,1
2024,2,23576,27001,27,ACTIVO,CENTRO RECREACIONAL Y VACACIONAL COMFACHOCO,CHOCO,QUIBDO,ESTABLECIMIENTOS DE ALOJAMIENTO TURÍSTICO,CENTRO VACACIONAL,48,117,40
2024,3,23770,27495,27,ACTIVO,HOTEL NUQUIMAR,CHOCO,NUQUI,ESTABLECIMIENTOS DE ALOJAMIENTO TURÍSTICO,HOTEL,8,16,2
2024,3,23953,27006,27,ACTIVO,CABAÑAS PATIO BONITO,CHOCO,ACANDI,ESTABLECIMIENTOS DE ALOJAMIENTO TURÍSTICO,HOTEL,10,15,1
2024,4,24389,27001,27,ACTIVO,HIDRICOS LTDA,CHOCO,QUIBDO,AGENCIAS DE VIAJES,AGENCIA DE VIAJES Y DE TURISMO,0,0,6
2024,3,24866,27075,27,ACTIVO,CABAÑA ARRECIFES,CHOCO,BAHIA SOLANO,VIVIENDAS TURÍSTICAS,OTRO TIPO DE VIVIENDA TURÍSTICA,3,15,1
2024,3,24938,27006,27,ACTIVO,ECOHOTEL PLAYAS DE CAPURGANA,CHOCO,ACANDI,ESTABLECIMIENTOS DE ALOJAMIENTO TURÍSTICO,HOTEL,6,18,0
2024,3,25014,27001,27,ACTIVO,AGENCIA DE VIAJES COMFACHOCO,CHOCO,QUIBDO,AGENCIAS DE VIAJES,AGENCIA DE VIAJES Y DE TURISMO,0,0,2
2024,3,25355,27075,27,ACTIVO,CHOIBANA CASA,CHOCO,BAHIA SOLANO,VIVIENDAS TURÍSTICAS,OTRO TIPO DE VIVIENDA TURÍSTICA,5,8,1
2024,3,27126,27001,27,ACTIVO,AMANECER VIAJES Y TURISMO SAS,CHOCO,QUIBDO,AGENCIAS DE VIAJES,AGENCIA DE VIAJES Y DE TURISMO,0,0,3
2024,3,27128,27075,27,ACTIVO,PALACIOS MOSQUERA EDINSON,CHOCO,BAHIA SOLANO,VIVIENDAS TURÍSTICAS,FINCA TURISTICA (ALOJAMIENTO RURAL),9,18,1
2024,4,27261,27075,27,ACTIVO,HOTEL BAHIA YUBARTA,CHOCO,BAHIA SOLANO,ESTABLECIMIENTOS DE ALOJAMIENTO TURÍSTICO,HOTEL,24,50,6
2024,3,27468,27075,27,ACTIVO,HOSTAL LA TORTUGA JOROBADA,CHOCO,BAHIA SOLANO,ESTABLECIMIENTOS DE ALOJAMIENTO TURÍSTICO,HOSTAL,8,20,5
2024,3,28285,27001,27,ACTIVO,AVIATUR CORTES & CIA,CHOCO,QUIBDO,AGENCIAS DE VIAJES,AGENCIA DE VIAJES Y DE TURISMO,0,0,2
2024,3,29022,27001,27,ACTIVO,HOTEL DANI,CHOCO,QUIBDO,ESTABLECIMIENTOS DE ALOJAMIENTO TURÍSTICO,HOTEL,12,12,1
2024,2,29728,27787,27,ACTIVO,HOTEL LAS M.M.M.,CHOCO,TADO,ESTABLECIMIENTOS DE ALOJAMIENTO TURÍSTICO,HOTEL,13,17,1
2024,2,29729,27361,27,ACTIVO,HOTEL LOS ANGELES A E HIJOS,CHOCO,ISTMINA,ESTABLECIMIENTOS DE ALOJAMIENTO TURÍSTICO,HOTEL,14,17,1
2024,3,30111,27075,27,ACTIVO,HOTEL Y RESIDENCIA LA FRONTERA,CHOCO,BAHIA SOLANO,ESTABLECIMIENTOS DE ALOJAMIENTO TURÍSTICO,HOTEL,20,26,0
2024,3,30432,27495,27,ACTIVO,PUNTA BRAVA,CHOCO,NUQUI,ESTABLECIMIENTOS DE ALOJAMIENTO TURÍSTICO,HOTEL,5,12,1
2024,3,31145,27001,27,ACTIVO,HOTEL FEDERAL,CHOCO,QUIBDO,ESTABLECIMIENTOS DE ALOJAMIENTO TURÍSTICO,HOTEL,10,11,0
2024,2,31254,27787,27,ACTIVO,HOTEL HAIDDY,CHOCO,TADO,ESTABLECIMIENTOS DE ALOJAMIENTO TURÍSTICO,HOTEL,14,16,1
2024,3,31419,27205,27,ACTIVO,AGENCIA DE VIAJES GILAUTOURS,CHOCO,CONDOTO,AGENCIAS DE VIAJES,AGENCIA DE VIAJES Y DE TURISMO,0,0,1
2024,1,32027,27006,27,ACTIVO,HOSPEDAJE LAS PALMERAS CAPURGANA,CHOCO,ACANDI,ESTABLECIMIENTOS DE ALOJAMIENTO TURÍSTICO,HOSTAL,13,22,0
2024,3,32030,27001,27,ACTIVO,HOTEL QUIBDO PLAZA,CHOCO,QUIBDO,ESTABLECIMIENTOS DE ALOJAMIENTO TURÍSTICO,HOTEL,37,57,6
2024,4,32163,27361,27,ACTIVO,AGENCIA DE VIAJES Y TURISMO VIAJES HANSA,CHOCO,ISTMINA,AGENCIAS DE VIAJES,AGENCIA DE VIAJES Y DE TURISMO,0,0,0
2024,3,32427,27001,27,ACTIVO,SONIA JAIMES COBOS,CHOCO,QUIBDO,OPERADORES PROFESIONALES DE CONGRESOS FERIAS Y CONVENCIONES,OPERADOR PROFESIONAL DE CONGRESOS FERIAS Y CONVENCIONES,0,0,0
2024,1,32984,27075,27,ACTIVO,POSADA TURISTICA BRISAS DEL MAR,CHOCO,BAHIA SOLANO,VIVIENDAS TURÍSTICAS,FINCA TURISTICA (ALOJAMIENTO RURAL),5,15,0
2024,3,33819,27361,27,ACTIVO,HOTEL TOLÓN,CHOCO,ISTMINA,ESTABLECIMIENTOS DE ALOJAMIENTO TURÍSTICO,HOTEL,48,56,2
2024,3,34665,27001,27,ACTIVO,VIAJES LA AMISTAD,CHOCO,QUIBDO,AGENCIAS DE VIAJES,AGENCIA DE VIAJES Y DE TURISMO,0,0,0
2024,3,34996,27075,27,ACTIVO,POSADA EL BIEN GERMINA YA,CHOCO,BAHIA SOLANO,VIVIENDAS TURÍSTICAS,FINCA TURISTICA (ALOJAMIENTO RURAL),10,10,0
2024,2,35162,27006,27,ACTIVO,HOTEL SHAKI,CHOCO,ACANDI,ESTABLECIMIENTOS DE ALOJAMIENTO TURÍSTICO,HOTEL,21,36,0
2024,3,35268,27001,27,ACTIVO,HOTEL ECOSUITE,CHOCO,QUIBDO,ESTABLECIMIENTOS DE ALOJAMIENTO TURÍSTICO,HOTEL,21,23,3
2024,3,36317,27075,27,ACTIVO,POSADA LA NAGUALA,CHOCO,BAHIA SOLANO,VIVIENDAS TURÍSTICAS,FINCA TURISTICA (ALOJAMIENTO RURAL),5,10,0
2024,3,36464,27075,27,ACTIVO,OPERADORA DE TURISMO EL ALMEJAL NATURE TRAVEL,CHOCO,BAHIA SOLANO,AGENCIAS DE VIAJES,AGENCIA DE VIAJES OPERADORAS,0,0,1
2024,3,36631,27006,27,ACTIVO,HOTEL DOÑA TRINY,CHOCO,ACANDI,ESTABLECIMIENTOS DE ALOJAMIENTO TURÍSTICO,HOTEL,22,28,3
2024,4,36996,27495,27,ACTIVO,POSADA TURISTICA CHACHITA,CHOCO,NUQUI,ESTABLECIMIENTOS DE ALOJAMIENTO TURÍSTICO,HOTEL,15,22,1
2024,3,36998,27075,27,ACTIVO,POSADA EL SAFIO,CHOCO,BAHIA SOLANO,ESTABLECIMIENTOS DE ALOJAMIENTO TURÍSTICO,HOTEL,3,11,1
2024,3,37000,27495,27,ACTIVO,HOTEL PALMAS DEL PACIFICO,CHOCO,NUQUI,ESTABLECIMIENTOS DE ALOJAMIENTO TURÍSTICO,HOTEL,13,25,1
2024,3,37841,27006,27,ACTIVO,VARIEDADES PAOLYHOSTAL VILLA VINDA,CHOCO,ACANDI,ESTABLECIMIENTOS DE ALOJAMIENTO TURÍSTICO,HOSTAL,7,16,2
2024,2,38866,27361,27,ACTIVO,HOTEL CENTRAL J.M.,CHOCO,ISTMINA,ESTABLECIMIENTOS DE ALOJAMIENTO TURÍSTICO,HOTEL,50,60,5
2024,3,38867,27245,27,ACTIVO,HOTEL CASA LILY S.A.S.,CHOCO,EL CARMEN,ESTABLECIMIENTOS DE ALOJAMIENTO TURÍSTICO,HOTEL,12,15,2
2024,3,38869,27006,27,ACTIVO,MARES LODGE CAPURGANA,CHOCO,ACANDI,ESTABLECIMIENTOS DE ALOJAMIENTO TURÍSTICO,HOTEL,22,62,6
2024,3,40270,27495,27,ACTIVO,KIPARA TÉ,CHOCO,NUQUI,VIVIENDAS TURÍSTICAS,FINCA TURISTICA (ALOJAMIENTO RURAL),3,24,0
2024,1,40585,27075,27,ACTIVO,EL MORRO HOSTERIA,CHOCO,BAHIA SOLANO,VIVIENDAS TURÍSTICAS,OTRO TIPO DE VIVIENDA TURÍSTICA,3,6,0
2024,3,40979,27075,27,ACTIVO,AGENCIA DE OPERACIÓN TURISTICA MAGIA CHOCOANA,CHOCO,BAHIA SOLANO,AGENCIAS DE VIAJES,AGENCIA DE VIAJES Y DE TURISMO,0,0,0
2024,3,41659,27075,27,ACTIVO,VIAJES BAHIA,CHOCO,BAHIA SOLANO,AGENCIAS DE VIAJES,AGENCIA DE VIAJES Y DE TURISMO,0,0,0
2024,3,41940,27006,27,ACTIVO,HOSTAL MIRAMAR CARIBE,CHOCO,ACANDI,ESTABLECIMIENTOS DE ALOJAMIENTO TURÍSTICO,HOSTAL,12,40,2
2024,3,43272,27495,27,ACTIVO,POSADA NATIVA CASA COLIBRI,CHOCO,NUQUI,VIVIENDAS TURÍSTICAS,FINCA TURISTICA (ALOJAMIENTO RURAL),3,12,0
2024,4,43580,27001,27,ACTIVO,SERVICIOS Y SUMINISTROS YUBARTA,CHOCO,QUIBDO,AGENCIAS DE VIAJES,AGENCIA DE VIAJES Y DE TURISMO,0,0,1
2024,3,44005,27001,27,ACTIVO,MUNDI TOURS,CHOCO,QUIBDO,AGENCIAS DE VIAJES,AGENCIA DE VIAJES Y DE TURISMO,0,0,3
2024,3,44544,27495,27,ACTIVO,CIELITO,CHOCO,NUQUI,ESTABLECIMIENTOS DE ALOJAMIENTO TURÍSTICO,HOSTAL,4,10,0
2024,2,44546,27810,27,ACTIVO,HOTEL Y PARQUEADERO LA PRIMAVERA,CHOCO,UNION  PANAMERICANA,ESTABLECIMIENTOS DE ALOJAMIENTO TURÍSTICO,HOTEL,25,25,2
2024,4,46185,27075,27,ACTIVO,ECOLODGE PLAYA ALEGRE S.A.S.,CHOCO,BAHIA SOLANO,ESTABLECIMIENTOS DE ALOJAMIENTO TURÍSTICO,CENTRO VACACIONAL,14,50,6
2024,3,46956,27495,27,ACTIVO,HOTEL DELFIN REAL,CHOCO,NUQUI,ESTABLECIMIENTOS DE ALOJAMIENTO TURÍSTICO,HOTEL,16,32,0
2024,2,47440,27495,27,ACTIVO,HOTEL LA KUKA S.A.S.,CHOCO,NUQUI,ESTABLECIMIENTOS DE ALOJAMIENTO TURÍSTICO,HOTEL,7,13,4
2024,4,49697,27006,27,ACTIVO,CABAÑA PURA VIDA,CHOCO,ACANDI,VIVIENDAS TURÍSTICAS,FINCA TURISTICA (ALOJAMIENTO RURAL),4,16,0
2024,3,49888,27006,27,ACTIVO,OLEAJES CAPURGANÁ,CHOCO,ACANDI,VIVIENDAS TURÍSTICAS,FINCA TURISTICA (ALOJAMIENTO RURAL),17,31,1
2024,1,50300,27001,27,ACTIVO,HOTEL CONQUISTADORES QUIBDO,CHOCO,QUIBDO,ESTABLECIMIENTOS DE ALOJAMIENTO TURÍSTICO,HOTEL,12,12,0
2024,2,50305,27075,27,ACTIVO,HOTEL KIPARA EL VALLE,CHOCO,BAHIA SOLANO,ESTABLECIMIENTOS DE ALOJAMIENTO TURÍSTICO,HOTEL,12,24,0
2024,4,51254,27495,27,ACTIVO,HOTEL ACUALI,CHOCO,NUQUI,ESTABLECIMIENTOS DE ALOJAMIENTO TURÍSTICO,HOTEL,12,37,2
2024,3,52523,27006,27,ACTIVO,RIVERA  FLOR ALICIA,CHOCO,ACANDI,VIVIENDAS TURÍSTICAS,FINCA TURISTICA (ALOJAMIENTO RURAL),6,19,0
2024,4,53593,27495,27,ACTIVO,HOTEL SELVA MAR NUQUI,CHOCO,NUQUI,ESTABLECIMIENTOS DE ALOJAMIENTO TURÍSTICO,HOTEL,17,22,1
2024,4,53988,27001,27,ACTIVO,HOTEL INTERPACIFIC,CHOCO,QUIBDO,ESTABLECIMIENTOS DE ALOJAMIENTO TURÍSTICO,HOTEL,48,43,11
2024,3,54136,27006,27,ACTIVO,HOTEL EL CADO,CHOCO,ACANDI,ESTABLECIMIENTOS DE ALOJAMIENTO TURÍSTICO,HOTEL,5,13,0
2024,3,56167,27006,27,ACTIVO,HOTEL CABAÑAS EL PARAISO SAPZURRO,CHOCO,ACANDI,ESTABLECIMIENTOS DE ALOJAMIENTO TURÍSTICO,HOTEL,4,17,2
2024,1,56972,27001,27,ACTIVO,DESTINOS HAS TRAVEL S.A.S,CHOCO,QUIBDO,AGENCIAS DE VIAJES,AGENCIA DE VIAJES Y DE TURISMO,0,0,0
2024,2,57468,27001,27,ACTIVO,HOTEL SHAIRA 2,CHOCO,QUIBDO,ESTABLECIMIENTOS DE ALOJAMIENTO TURÍSTICO,HOTEL,58,66,7
2024,1,58080,27075,27,ACTIVO,HOSTAL ADRIMAR,CHOCO,BAHIA SOLANO,ESTABLECIMIENTOS DE ALOJAMIENTO TURÍSTICO,HOSTAL,8,14,1
2024,1,58081,27006,27,ACTIVO,HOSTAL PATIO BONITO CARPURGANÁ,CHOCO,ACANDI,ESTABLECIMIENTOS DE ALOJAMIENTO TURÍSTICO,HOSTAL,10,25,0
2024,3,58214,27495,27,ACTIVO,CABAÑA PALO DE AGUA,CHOCO,NUQUI,ESTABLECIMIENTOS DE ALOJAMIENTO TURÍSTICO,HOTEL,3,9,0
2024,1,58339,27075,27,ACTIVO,POSADA EL ARCA,CHOCO,BAHIA SOLANO,VIVIENDAS TURÍSTICAS,FINCA TURISTICA (ALOJAMIENTO RURAL),1,15,1
2024,2,58822,27495,27,ACTIVO,PLAYA MORROMICO,CHOCO,NUQUI,VIVIENDAS TURÍSTICAS,FINCA TURISTICA (ALOJAMIENTO RURAL),4,9,0
2024,3,58864,27495,27,ACTIVO,HOTEL PUERTA DEL SOL NUQUI,CHOCO,NUQUI,ESTABLECIMIENTOS DE ALOJAMIENTO TURÍSTICO,HOTEL,12,25,0
2024,3,58883,27001,27,ACTIVO,HOTEL MEDELLIN LA CUARTA,CHOCO,QUIBDO,ESTABLECIMIENTOS DE ALOJAMIENTO TURÍSTICO,HOTEL,12,14,0
2024,4,59316,27006,27,ACTIVO,HOSTAL PARAISO COMO EN CASA,CHOCO,ACANDI,ESTABLECIMIENTOS DE ALOJAMIENTO TURÍSTICO,HOSTAL,16,46,0
2024,2,59818,27001,27,ACTIVO,IRIACA SAS,CHOCO,QUIBDO,ESTABLECIMIENTOS DE ALOJAMIENTO TURÍSTICO,HOTEL,50,74,32
2024,4,59819,27800,27,ACTIVO,HOTEL DIVINO NIÑO DE UNGUIA,CHOCO,UNGUIA,ESTABLECIMIENTOS DE ALOJAMIENTO TURÍSTICO,HOTEL,18,18,0
2024,3,59996,27001,27,ACTIVO,HOTEL SAN FRANCISCO DE QUIBDÓ,CHOCO,QUIBDO,ESTABLECIMIENTOS DE ALOJAMIENTO TURÍSTICO,HOTEL,32,71,6
2024,2,60770,27495,27,ACTIVO,CABAÑAS MAR Y RIO,CHOCO,NUQUI,VIVIENDAS TURÍSTICAS,FINCA TURISTICA (ALOJAMIENTO RURAL),4,15,0
2024,3,60899,27075,27,ACTIVO,POSADA OLIVACEA,CHOCO,BAHIA SOLANO,VIVIENDAS TURÍSTICAS,FINCA TURISTICA (ALOJAMIENTO RURAL),1,3,0
2024,2,61117,27787,27,ACTIVO,HOTEL MARCELO,CHOCO,TADO,ESTABLECIMIENTOS DE ALOJAMIENTO TURÍSTICO,HOTEL,16,19,2
2024,3,61264,27006,27,ACTIVO,BELCY´S HOUSE CABAÑA,CHOCO,ACANDI,VIVIENDAS TURÍSTICAS,FINCA TURISTICA (ALOJAMIENTO RURAL),7,10,0
2024,3,61381,27006,27,ACTIVO,CABAÑAS EL CHILENO,CHOCO,ACANDI,VIVIENDAS TURÍSTICAS,FINCA TURISTICA (ALOJAMIENTO RURAL),8,14,0
2024,3,61382,27075,27,ACTIVO,HOSTAL LOS CABOS,CHOCO,BAHIA SOLANO,ESTABLECIMIENTOS DE ALOJAMIENTO TURÍSTICO,HOSTAL,10,10,3
2024,3,61383,27001,27,ACTIVO,HOTEL EDEN DE LA QUINTA,CHOCO,QUIBDO,ESTABLECIMIENTOS DE ALOJAMIENTO TURÍSTICO,HOTEL,8,14,1
2024,1,61600,27001,27,ACTIVO,AGENCIA DE VIAJES RUAJ,CHOCO,QUIBDO,AGENCIAS DE VIAJES,AGENCIA DE VIAJES Y DE TURISMO,0,0,0
2024,4,61865,27006,27,ACTIVO,CABAÑA LA ESQUINA DEL MAR,CHOCO,ACANDI,VIVIENDAS TURÍSTICAS,FINCA TURISTICA (ALOJAMIENTO RURAL),6,12,0
2024,3,62256,27075,27,ACTIVO,THE PELICAN HOUSE,CHOCO,BAHIA SOLANO,VIVIENDAS TURÍSTICAS,FINCA TURISTICA (ALOJAMIENTO RURAL),6,19,2
2024,1,62545,27001,27,ACTIVO,HOTEL SANTA CRUZ MORENO,CHOCO,QUIBDO,ESTABLECIMIENTOS DE ALOJAMIENTO TURÍSTICO,HOTEL,9,15,3
2024,4,62547,27001,27,ACTIVO,ASOCIACIÓN ECOTURISTICA Y CULTURAL CHAMPA MIA,CHOCO,QUIBDO,AGENCIAS DE VIAJES,AGENCIA DE VIAJES OPERADORAS,0,0,0
2024,1,63848,27001,27,ACTIVO,HOTEL PALOQUEMAO TUTUNENDO,CHOCO,QUIBDO,ESTABLECIMIENTOS DE ALOJAMIENTO TURÍSTICO,HOTEL,20,30,3
2024,1,63873,27495,27,ACTIVO,ECO HOTEL ARENA AZUL,CHOCO,NUQUI,ESTABLECIMIENTOS DE ALOJAMIENTO TURÍSTICO,HOTEL,6,11,1
2024,3,64186,27077,27,ACTIVO,RESTAURANTE Y HOTEL EL BUEN GUSTO DE PIZARRO,CHOCO,BAJO BAUDO (PIZARRO),ESTABLECIMIENTOS DE ALOJAMIENTO TURÍSTICO,HOTEL,34,34,0
2024,2,65899,27075,27,ACTIVO,BLACK SANDS FISHING,CHOCO,BAHIA SOLANO,AGENCIAS DE VIAJES,AGENCIA DE VIAJES OPERADORAS,0,0,2
2024,3,65900,27495,27,ACTIVO,PIEDRA PIEDRA LODGE,CHOCO,NUQUI,ESTABLECIMIENTOS DE ALOJAMIENTO TURÍSTICO,HOTEL,22,22,2
2024,3,66082,27361,27,ACTIVO,HOTEL EL MANERO,CHOCO,ISTMINA,ESTABLECIMIENTOS DE ALOJAMIENTO TURÍSTICO,HOTEL,18,22,0
2024,2,66188,27006,27,ACTIVO,HOTEL BAHIA PINORROA LODGE CAPURGANA,CHOCO,ACANDI,ESTABLECIMIENTOS DE ALOJAMIENTO TURÍSTICO,HOTEL,44,98,16
2024,3,66645,27006,27,ACTIVO,RUIZ GONZALEZ MARIA EUGENIA,CHOCO,ACANDI,VIVIENDAS TURÍSTICAS,OTRO TIPO DE VIVIENDA TURÍSTICA,1,26,0
2024,3,69214,27006,27,ACTIVO,CABAÑAS ANAYANSI,CHOCO,ACANDI,VIVIENDAS TURÍSTICAS,FINCA TURISTICA (ALOJAMIENTO RURAL),18,25,0
2024,4,69222,27001,27,ACTIVO,ILEWA,CHOCO,QUIBDO,AGENCIAS DE VIAJES,AGENCIA DE VIAJES OPERADORAS,0,0,1
2024,4,70199,27245,27,ACTIVO,HOTEL C. PLAZA,CHOCO,EL CARMEN,ESTABLECIMIENTOS DE ALOJAMIENTO TURÍSTICO,HOTEL,21,36,0
2024,3,70229,27361,27,ACTIVO,HOTEL ESTACIÓN LA 7,CHOCO,ISTMINA,ESTABLECIMIENTOS DE ALOJAMIENTO TURÍSTICO,HOTEL,20,20,0
2024,3,70950,27495,27,ACTIVO,POSADA NATIVA HANNANY,CHOCO,NUQUI,VIVIENDAS TURÍSTICAS,FINCA TURISTICA (ALOJAMIENTO RURAL),1,6,0
2024,3,71638,27495,27,ACTIVO,OBEGA PACIFIC,CHOCO,NUQUI,ESTABLECIMIENTOS DE ALOJAMIENTO TURÍSTICO,HOTEL,16,40,4
2024,3,72448,27075,27,ACTIVO,HAKUNA MATATA HOSTAL CHOCO,CHOCO,BAHIA SOLANO,ESTABLECIMIENTOS DE ALOJAMIENTO TURÍSTICO,HOSTAL,4,8,0
2024,2,72478,27495,27,ACTIVO,SAFIO,CHOCO,NUQUI,VIVIENDAS TURÍSTICAS,FINCA TURISTICA (ALOJAMIENTO RURAL),3,8,1
2024,2,72480,27361,27,ACTIVO,CENTRO RECREACIONAL LA MECA,CHOCO,ISTMINA,ESTABLECIMIENTOS DE ALOJAMIENTO TURÍSTICO,CENTRO VACACIONAL,18,26,1
2024,3,72486,27006,27,ACTIVO,VASQUEZ MEJIA MARIA CECILIA,CHOCO,ACANDI,VIVIENDAS TURÍSTICAS,OTRO TIPO DE VIVIENDA TURÍSTICA,6,18,1
2024,3,72734,27075,27,ACTIVO,HOTEL COSTA CHOCO,CHOCO,BAHIA SOLANO,ESTABLECIMIENTOS DE ALOJAMIENTO TURÍSTICO,HOTEL,26,46,12
2024,1,73447,27001,27,ACTIVO,TOUR DE RIOS,CHOCO,QUIBDO,AGENCIAS DE VIAJES,AGENCIA DE VIAJES OPERADORAS,0,0,0
2024,3,73466,27006,27,ACTIVO,HOTEL MADONA,CHOCO,ACANDI,ESTABLECIMIENTOS DE ALOJAMIENTO TURÍSTICO,HOTEL,7,12,0
2024,3,73601,27006,27,ACTIVO,A&A ECOTURISMO S.A.S.,CHOCO,ACANDI,VIVIENDAS TURÍSTICAS,FINCA TURISTICA (ALOJAMIENTO RURAL),6,18,2
2024,1,74665,27001,27,ACTIVO,OPERADORA DE TURISMO Y VARIEDADES SMUCAST,CHOCO,QUIBDO,AGENCIAS DE VIAJES,AGENCIA DE VIAJES OPERADORAS,0,0,0
2024,1,75329,27006,27,ACTIVO,DESTINO CAPURGANA,CHOCO,ACANDI,AGENCIAS DE VIAJES,AGENCIA DE VIAJES Y DE TURISMO,0,0,0
2024,3,76445,27495,27,ACTIVO,EL VIJO,CHOCO,NUQUI,VIVIENDAS TURÍSTICAS,FINCA TURISTICA (ALOJAMIENTO RURAL),10,10,0
2024,3,76446,27495,27,ACTIVO,DIAZ RUIS ERIS,CHOCO,NUQUI,VIVIENDAS TURÍSTICAS,FINCA TURISTICA (ALOJAMIENTO RURAL),6,15,0
2024,1,76450,27495,27,ACTIVO,LA POSADA DE ANGELA,CHOCO,NUQUI,VIVIENDAS TURÍSTICAS,FINCA TURISTICA (ALOJAMIENTO RURAL),1,1,0
2024,3,76921,27006,27,ACTIVO,MARLYNGS AZUL,CHOCO,ACANDI,VIVIENDAS TURÍSTICAS,OTRO TIPO DE VIVIENDA TURÍSTICA,15,44,0
2024,4,76927,27495,27,ACTIVO,POSADAS ECOTURISTICAS CHACHITA SAS,CHOCO,NUQUI,ESTABLECIMIENTOS DE ALOJAMIENTO TURÍSTICO,HOTEL,7,15,1
2024,1,77131,27006,27,ACTIVO,HOSTAL MARAZUL CAPURGANÁ,CHOCO,ACANDI,VIVIENDAS TURÍSTICAS,APARTAMENTO TURÍSTICO,6,12,0
2024,3,77443,27075,27,ACTIVO,DORIS ELENA CARO MONTOYA,CHOCO,BAHIA SOLANO,VIVIENDAS TURÍSTICAS,OTRO TIPO DE VIVIENDA TURÍSTICA,7,17,0
2024,2,78903,27006,27,ACTIVO,CABAÑA KOSTA AZUL CAPURGANA,CHOCO,ACANDI,VIVIENDAS TURÍSTICAS,OTRO TIPO DE VIVIENDA TURÍSTICA,6,10,1
2024,3,78904,27006,27,ACTIVO,LA KASA CAPURGANA,CHOCO,ACANDI,ESTABLECIMIENTOS DE ALOJAMIENTO TURÍSTICO,HOSTAL,4,8,0
2024,1,78906,27495,27,ACTIVO,CASA KAKIRI,CHOCO,NUQUI,AGENCIAS DE VIAJES,AGENCIA DE VIAJES OPERADORAS,0,0,0
2024,3,78915,27495,27,ACTIVO,IRI MAR TERMALES,CHOCO,NUQUI,VIVIENDAS TURÍSTICAS,FINCA TURISTICA (ALOJAMIENTO RURAL),5,5,0
2024,3,78920,27495,27,ACTIVO,POSADA MILAGRO DE DIOS,CHOCO,NUQUI,VIVIENDAS TURÍSTICAS,FINCA TURISTICA (ALOJAMIENTO RURAL),5,5,0
2024,1,79150,27495,27,ACTIVO,CHALALANGA SURF,CHOCO,NUQUI,VIVIENDAS TURÍSTICAS,FINCA TURISTICA (ALOJAMIENTO RURAL),1,2,0
2024,2,79598,27006,27,ACTIVO,JAIME ELIECER HENAO ARIAS,CHOCO,ACANDI,VIVIENDAS TURÍSTICAS,CASA TURÍSTICA,1,14,0
2024,2,81331,27001,27,ACTIVO,GALÚ HOTEL,CHOCO,QUIBDO,ESTABLECIMIENTOS DE ALOJAMIENTO TURÍSTICO,HOTEL,32,45,14
2024,3,81494,27495,27,ACTIVO,GIRALDO ALZATE MAURICIO,CHOCO,NUQUI,VIVIENDAS TURÍSTICAS,FINCA TURISTICA (ALOJAMIENTO RURAL),6,18,0
2024,3,81905,27006,27,ACTIVO,HOSTAL ZURYMAR,CHOCO,ACANDI,ESTABLECIMIENTOS DE ALOJAMIENTO TURÍSTICO,HOSTAL,11,22,2
2024,1,81908,27001,27,ACTIVO,HOTEL VILLA REAL DE QUIBDO,CHOCO,QUIBDO,ESTABLECIMIENTOS DE ALOJAMIENTO TURÍSTICO,HOTEL,20,20,0
2024,1,82349,27075,27,ACTIVO,HOTEL BAHIA SOLANO JD,CHOCO,BAHIA SOLANO,ESTABLECIMIENTOS DE ALOJAMIENTO TURÍSTICO,HOTEL,15,21,0
2024,1,82398,27001,27,ACTIVO,HOTEL PUNTO APARTE DE QUIBDO,CHOCO,QUIBDO,ESTABLECIMIENTOS DE ALOJAMIENTO TURÍSTICO,HOTEL,15,15,2
2024,3,82402,27006,27,ACTIVO,ACUALI ECOHOSTAL,CHOCO,ACANDI,ESTABLECIMIENTOS DE ALOJAMIENTO TURÍSTICO,HOSTAL,4,19,2
2024,4,82485,27075,27,ACTIVO,ANKLA AZUL,CHOCO,BAHIA SOLANO,AGENCIAS DE VIAJES,AGENCIA DE VIAJES OPERADORAS,0,0,1
2024,3,82613,27006,27,ACTIVO,HOSPEDAJE MAJAIDY,CHOCO,ACANDI,VIVIENDAS TURÍSTICAS,OTRO TIPO DE VIVIENDA TURÍSTICA,10,18,0
2024,3,82716,27006,27,ACTIVO,CABAÑA DARIUS,CHOCO,ACANDI,VIVIENDAS TURÍSTICAS,FINCA TURISTICA (ALOJAMIENTO RURAL),4,4,0
2024,3,83258,27495,27,ACTIVO,CABAÑA VILLA SOFI  NUQUI,CHOCO,NUQUI,VIVIENDAS TURÍSTICAS,FINCA TURISTICA (ALOJAMIENTO RURAL),6,15,1
2024,3,83758,27075,27,ACTIVO,ALVAREZ USUGA LUISA FERNANDA,CHOCO,BAHIA SOLANO,VIVIENDAS TURÍSTICAS,FINCA TURISTICA (ALOJAMIENTO RURAL),3,9,1
2024,3,84120,27006,27,ACTIVO,HOSPEDAJE CASA LA MARIELA,CHOCO,ACANDI,ESTABLECIMIENTOS DE ALOJAMIENTO TURÍSTICO,HOSTAL,11,33,1
2024,3,84124,27495,27,ACTIVO,OSCAR  HURTADO FRANCO,CHOCO,NUQUI,VIVIENDAS TURÍSTICAS,FINCA TURISTICA (ALOJAMIENTO RURAL),1,6,0
2024,3,84125,27495,27,ACTIVO,POSADA ARCOIRIS,CHOCO,NUQUI,VIVIENDAS TURÍSTICAS,OTRO TIPO DE VIVIENDA TURÍSTICA,2,10,0
2024,3,84549,27006,27,ACTIVO,CASA NATURAL BOHEMIA,CHOCO,ACANDI,ESTABLECIMIENTOS DE ALOJAMIENTO TURÍSTICO,HOSTAL,5,12,1
2024,3,84550,27006,27,ACTIVO,MARTHA KOSCETH MENDOZA CASTRO,CHOCO,ACANDI,VIVIENDAS TURÍSTICAS,OTRO TIPO DE VIVIENDA TURÍSTICA,5,8,0
2024,1,85772,27006,27,ACTIVO,DIVEANDGREEN CENTRO DE BUCEO,CHOCO,ACANDI,ESTABLECIMIENTOS DE ALOJAMIENTO TURÍSTICO,HOSTAL,4,8,2
2024,3,86154,27006,27,ACTIVO,HOTEL SAN BLAS CAPURGANA,CHOCO,ACANDI,ESTABLECIMIENTOS DE ALOJAMIENTO TURÍSTICO,HOTEL,7,14,1
2024,4,86157,27006,27,ACTIVO,DOBLE VISTA,CHOCO,ACANDI,ESTABLECIMIENTOS DE ALOJAMIENTO TURÍSTICO,HOSTAL,9,36,1
2024,2,86910,27006,27,ACTIVO,NANCY MARIA SALAZAR DE CORREA,CHOCO,ACANDI,VIVIENDAS TURÍSTICAS,OTRO TIPO DE VIVIENDA TURÍSTICA,5,18,0
2024,3,86915,27006,27,ACTIVO,HOSTAL J.L,CHOCO,ACANDI,ESTABLECIMIENTOS DE ALOJAMIENTO TURÍSTICO,HOSTAL,6,16,0
2024,1,86918,27006,27,ACTIVO,CABAÑA SAMANTHA,CHOCO,ACANDI,VIVIENDAS TURÍSTICAS,FINCA TURISTICA (ALOJAMIENTO RURAL),10,20,0
2024,1,87133,27006,27,ACTIVO,MOSQUERA MORENO MOISES,CHOCO,ACANDI,VIVIENDAS TURÍSTICAS,FINCA TURISTICA (ALOJAMIENTO RURAL),1,18,3
2024,3,87134,27075,27,ACTIVO,HOTEL PACIFICO AZUL,CHOCO,BAHIA SOLANO,ESTABLECIMIENTOS DE ALOJAMIENTO TURÍSTICO,HOTEL,14,16,2
2024,3,87395,27006,27,ACTIVO,HOTEL LOS KUNAS DEL DARIEN,CHOCO,ACANDI,ESTABLECIMIENTOS DE ALOJAMIENTO TURÍSTICO,HOTEL,9,25,0
2024,3,88267,27006,27,ACTIVO,HOSPEDAJE ZINGARA,CHOCO,ACANDI,VIVIENDAS TURÍSTICAS,FINCA TURISTICA (ALOJAMIENTO RURAL),2,5,0
2024,3,88498,27006,27,ACTIVO,ECOCABAÑA ROSA MARIA,CHOCO,ACANDI,VIVIENDAS TURÍSTICAS,OTRO TIPO DE VIVIENDA TURÍSTICA,1,15,1
2024,1,90903,27001,27,ACTIVO,AGENCIA DE OPERACIONES TURISTICAS Y CULTURALES DEL CHOCO DASHI ENJUA,CHOCO,QUIBDO,AGENCIAS DE VIAJES,AGENCIA DE VIAJES OPERADORAS,0,0,3
2024,3,91544,27001,27,ACTIVO,HOTEL TEMATICO ETNIAS,CHOCO,QUIBDO,ESTABLECIMIENTOS DE ALOJAMIENTO TURÍSTICO,HOTEL,12,12,3
2024,4,92193,27006,27,ACTIVO,CABAÑA VILLA MARIA,CHOCO,ACANDI,VIVIENDAS TURÍSTICAS,FINCA TURISTICA (ALOJAMIENTO RURAL),9,18,1
2024,1,93025,27495,27,ACTIVO,POSADA NATIVA LA BAYKA ALOJAMIENTO RURAL EN NUQUI,CHOCO,NUQUI,VIVIENDAS TURÍSTICAS,FINCA TURISTICA (ALOJAMIENTO RURAL),5,18,2
2024,3,93026,27006,27,ACTIVO,CABAÑA CHILA,CHOCO,ACANDI,VIVIENDAS TURÍSTICAS,OTRO TIPO DE VIVIENDA TURÍSTICA,4,10,0
2024,3,93584,27495,27,ACTIVO,POSADA NATIVA KEVELIN,CHOCO,NUQUI,VIVIENDAS TURÍSTICAS,FINCA TURISTICA (ALOJAMIENTO RURAL),5,5,0
2024,3,94035,27495,27,ACTIVO,POSADA NATIVA BRISA Y MAR,CHOCO,NUQUI,VIVIENDAS TURÍSTICAS,FINCA TURISTICA (ALOJAMIENTO RURAL),5,9,0
2024,2,94418,27361,27,ACTIVO,HOTEL NICOVA,CHOCO,ISTMINA,ESTABLECIMIENTOS DE ALOJAMIENTO TURÍSTICO,HOTEL,35,44,0
2024,3,94494,27075,27,ACTIVO,POSADA DON AI,CHOCO,BAHIA SOLANO,VIVIENDAS TURÍSTICAS,FINCA TURISTICA (ALOJAMIENTO RURAL),10,20,0
2024,3,94915,27001,27,ACTIVO,SHAIRA HOTEL,CHOCO,QUIBDO,ESTABLECIMIENTOS DE ALOJAMIENTO TURÍSTICO,HOTEL,20,25,3
2024,2,94917,27361,27,ACTIVO,HOTEL LAS AMERICAS DEL SAN JUAN M.S,CHOCO,ISTMINA,ESTABLECIMIENTOS DE ALOJAMIENTO TURÍSTICO,HOTEL,41,47,6
2024,2,95274,27361,27,ACTIVO,HOTEL CALLE REAL ISTMINA,CHOCO,ISTMINA,ESTABLECIMIENTOS DE ALOJAMIENTO TURÍSTICO,HOTEL,40,51,1
2024,2,95845,27075,27,ACTIVO,MECANA ECOHOTEL,CHOCO,BAHIA SOLANO,ESTABLECIMIENTOS DE ALOJAMIENTO TURÍSTICO,HOTEL,6,10,3
2024,2,96235,27006,27,ACTIVO,JAIME DARIO CASAS ARANGO,CHOCO,ACANDI,VIVIENDAS TURÍSTICAS,FINCA TURISTICA (ALOJAMIENTO RURAL),1,12,0
2024,2,96495,27001,27,ACTIVO,HOTEL LA SEXTA DE QUIBDO,CHOCO,QUIBDO,ESTABLECIMIENTOS DE ALOJAMIENTO TURÍSTICO,HOTEL,15,15,2
2024,1,96635,27495,27,ACTIVO,CABAÑAS IRACAS DEL MAR,CHOCO,NUQUI,VIVIENDAS TURÍSTICAS,OTRO TIPO DE VIVIENDA TURÍSTICA,4,19,3
2024,2,97025,27615,27,ACTIVO,HOTEL EL GRAN TESORO DE BAJIRA,CHOCO,RIOSUCIO,ESTABLECIMIENTOS DE ALOJAMIENTO TURÍSTICO,HOTEL,30,32,2
2024,4,97681,27495,27,ACTIVO,COLOMBIA PACIFIC TOURS NUQUI,CHOCO,NUQUI,ESTABLECIMIENTOS DE ALOJAMIENTO TURÍSTICO,HOTEL,3,6,1
2024,3,97793,27001,27,ACTIVO,HOTEL LA TERCERA,CHOCO,QUIBDO,ESTABLECIMIENTOS DE ALOJAMIENTO TURÍSTICO,HOTEL,19,19,1
2024,2,98084,27001,27,ACTIVO,AGENCIA DE VIAJES SEGUIR VOLANDO TOUR,CHOCO,QUIBDO,AGENCIAS DE VIAJES,AGENCIA DE VIAJES Y DE TURISMO,0,0,0
2024,2,98132,27001,27,ACTIVO,HOTEL KAMALEB FARALLONES,CHOCO,QUIBDO,ESTABLECIMIENTOS DE ALOJAMIENTO TURÍSTICO,HOTEL,20,28,5
2024,2,98190,27001,27,ACTIVO,HOTEL MIO QUIBDO,CHOCO,QUIBDO,ESTABLECIMIENTOS DE ALOJAMIENTO TURÍSTICO,HOTEL,11,11,0
2024,2,98307,27001,27,ACTIVO,HOSPEDAJE CABI,CHOCO,QUIBDO,ESTABLECIMIENTOS DE ALOJAMIENTO TURÍSTICO,ALBERGUE,30,30,0
2024,3,98837,27075,27,ACTIVO,BAHIA SOLANO ME LLAMA,CHOCO,BAHIA SOLANO,AGENCIAS DE VIAJES,AGENCIA DE VIAJES OPERADORAS,0,0,1
2024,3,98984,27001,27,ACTIVO,GRAN HOTEL MARINILLA,CHOCO,QUIBDO,ESTABLECIMIENTOS DE ALOJAMIENTO TURÍSTICO,HOTEL,15,15,0
2024,4,99063,27001,27,ACTIVO,ALEXANDER  CORDOBA QUESADA,CHOCO,QUIBDO,VIVIENDAS TURÍSTICAS,OTRO TIPO DE VIVIENDA TURÍSTICA,1,4,0
2024,2,99064,27006,27,ACTIVO,AL VAIVEN DE HAMACAS,CHOCO,ACANDI,VIVIENDAS TURÍSTICAS,FINCA TURISTICA (ALOJAMIENTO RURAL),4,7,1
2024,1,99181,27001,27,ACTIVO,TRANSPORTE PROGRESO DEL CHOCO LIMITADA,CHOCO,QUIBDO,EMPRESAS DE TRANSPORTE TERRESTRE AUTOMOTOR,TRANSPORTE TERRESTRE AUTOMOTOR ESPECIAL,0,0,40
2024,3,99418,27001,27,ACTIVO,ENTRESELVAS GLAMPING,CHOCO,QUIBDO,VIVIENDAS TURÍSTICAS,FINCA TURISTICA (ALOJAMIENTO RURAL),2,6,2
2024,1,99701,27006,27,ACTIVO,HILLTOP CAPURGANA,CHOCO,ACANDI,ESTABLECIMIENTOS DE ALOJAMIENTO TURÍSTICO,CENTRO VACACIONAL,9,11,0
2024,1,99703,27006,27,ACTIVO,HILLTOP SAPZURRO,CHOCO,ACANDI,ESTABLECIMIENTOS DE ALOJAMIENTO TURÍSTICO,CENTRO VACACIONAL,9,11,0
2024,3,100183,27495,27,ACTIVO,CIRCUITO DE TURISMO ALTERNATIVO LA CUMBANCHA,CHOCO,NUQUI,AGENCIAS DE VIAJES,AGENCIA DE VIAJES OPERADORAS,0,0,0
2024,2,100552,27006,27,ACTIVO,HOTEL ZONA LIBRE,CHOCO,ACANDI,ESTABLECIMIENTOS DE ALOJAMIENTO TURÍSTICO,HOTEL,9,11,2
2024,4,100651,27075,27,ACTIVO,UTRIA HOSTEL S.A.S,CHOCO,BAHIA SOLANO,VIVIENDAS TURÍSTICAS,OTRO TIPO DE VIVIENDA TURÍSTICA,8,14,0
2024,3,101210,27075,27,ACTIVO,COCOLOCO LODGE,CHOCO,BAHIA SOLANO,VIVIENDAS TURÍSTICAS,FINCA TURISTICA (ALOJAMIENTO RURAL),4,16,0
2024,4,101981,27075,27,ACTIVO,MADRE AGUA COLOMBIA,CHOCO,BAHIA SOLANO,AGENCIAS DE VIAJES,AGENCIA DE VIAJES OPERADORAS,0,0,0
2024,2,102163,27075,27,ACTIVO,REFUGIO MR JERRY ECO HOSTAL,CHOCO,BAHIA SOLANO,ESTABLECIMIENTOS DE ALOJAMIENTO TURÍSTICO,HOSTAL,8,11,1
2024,3,102754,27006,27,ACTIVO,CABAÑA MI ESPERANZA SAPZURRO,CHOCO,ACANDI,VIVIENDAS TURÍSTICAS,FINCA TURISTICA (ALOJAMIENTO RURAL),8,16,0
2024,3,104126,27495,27,ACTIVO,MERAKI NUQUI,CHOCO,NUQUI,ESTABLECIMIENTOS DE ALOJAMIENTO TURÍSTICO,HOTEL,8,16,3
2024,3,107543,27006,27,ACTIVO,TECHO ROJO SAPZURRO,CHOCO,ACANDI,VIVIENDAS TURÍSTICAS,FINCA TURISTICA (ALOJAMIENTO RURAL),12,18,0
2024,3,109114,27001,27,ACTIVO,FUNDACION UNION PACIFICA DEL CHOCO,CHOCO,QUIBDO,ESTABLECIMIENTOS DE ALOJAMIENTO TURÍSTICO,HOTEL,10,13,2
2024,2,111049,27495,27,ACTIVO,ESTACIÓN BIOLÓGICA EL AMARGAL,CHOCO,NUQUI,VIVIENDAS TURÍSTICAS,FINCA TURISTICA (ALOJAMIENTO RURAL),5,15,1
2024,2,112092,27245,27,ACTIVO,CLAUDIA MARCELA CORREA MAYA,CHOCO,EL CARMEN,VIVIENDAS TURÍSTICAS,FINCA TURISTICA (ALOJAMIENTO RURAL),7,10,0
2024,2,112096,27001,27,ACTIVO,FIGUEROA TOURS,CHOCO,QUIBDO,AGENCIAS DE VIAJES,AGENCIA DE VIAJES Y DE TURISMO,0,0,0
2024,3,112398,27075,27,ACTIVO,TUNDO TOURS,CHOCO,BAHIA SOLANO,AGENCIAS DE VIAJES,AGENCIA DE VIAJES MAYORISTAS,0,0,4
2024,3,112987,27495,27,ACTIVO,CABAÑA CLEO,CHOCO,NUQUI,VIVIENDAS TURÍSTICAS,FINCA TURISTICA (ALOJAMIENTO RURAL),4,5,0
2024,3,114086,27001,27,ACTIVO,POR EL MUNDO VIAJES Y TURISMO,CHOCO,QUIBDO,AGENCIAS DE VIAJES,AGENCIA DE VIAJES Y DE TURISMO,0,0,0
2024,3,115304,27006,27,ACTIVO,CASA GALU,CHOCO,ACANDI,VIVIENDAS TURÍSTICAS,OTRO TIPO DE VIVIENDA TURÍSTICA,5,10,0
2024,4,115507,27075,27,ACTIVO,POSADA ROCAS DE CABO MARZO,CHOCO,BAHIA SOLANO,ESTABLECIMIENTOS DE ALOJAMIENTO TURÍSTICO,HOTEL,7,16,0
2024,3,115510,27495,27,ACTIVO,HOTEL Y RESTAURANTE CLAU,CHOCO,NUQUI,ESTABLECIMIENTOS DE ALOJAMIENTO TURÍSTICO,HOTEL,7,11,0
2024,2,115514,27006,27,ACTIVO,HOTEL KATAMARAN ORILLAS DEL DARIEN,CHOCO,ACANDI,ESTABLECIMIENTOS DE ALOJAMIENTO TURÍSTICO,HOTEL,7,20,2
2024,3,116231,27075,27,ACTIVO,NAISA TOURS SAS,CHOCO,BAHIA SOLANO,AGENCIAS DE VIAJES,AGENCIA DE VIAJES OPERADORAS,0,0,1
2024,3,116860,27075,27,ACTIVO,POSADA TURISTICA EL NATIVO,CHOCO,BAHIA SOLANO,VIVIENDAS TURÍSTICAS,FINCA TURISTICA (ALOJAMIENTO RURAL),4,12,0
2024,2,116862,27430,27,ACTIVO,HOTEL VILLANUEVA DEL PACIFICO,CHOCO,MEDIO BAUDO,ESTABLECIMIENTOS DE ALOJAMIENTO TURÍSTICO,HOTEL,5,5,0
2024,1,117396,27800,27,ACTIVO,HOTEL DARIEN,CHOCO,UNGUIA,ESTABLECIMIENTOS DE ALOJAMIENTO TURÍSTICO,HOTEL,21,24,0
2024,2,117531,27001,27,ACTIVO,HOTEL SERRANÍA DEL DARIÉN,CHOCO,QUIBDO,ESTABLECIMIENTOS DE ALOJAMIENTO TURÍSTICO,HOTEL,22,30,0
2024,4,118097,27006,27,ACTIVO,LIPSY PATRICIA ROJAS ARANGO,CHOCO,ACANDI,VIVIENDAS TURÍSTICAS,OTRO TIPO DE VIVIENDA TURÍSTICA,1,1,0
2024,4,118836,27615,27,ACTIVO,SAMANTI HOTEL,CHOCO,RIOSUCIO,ESTABLECIMIENTOS DE ALOJAMIENTO TURÍSTICO,HOTEL,27,38,7
2024,4,119693,27001,27,ACTIVO,AGENCIA DE VIAJES KEREZI,CHOCO,QUIBDO,AGENCIAS DE VIAJES,AGENCIA DE VIAJES Y DE TURISMO,0,0,1
2024,3,122852,27495,27,ACTIVO,HOTEL EL MONO NUQUI,CHOCO,NUQUI,ESTABLECIMIENTOS DE ALOJAMIENTO TURÍSTICO,HOTEL,8,8,0
2024,3,122854,27495,27,ACTIVO,PACIFIC NUQUI LODGE,CHOCO,NUQUI,ESTABLECIMIENTOS DE ALOJAMIENTO TURÍSTICO,HOTEL,10,10,0
2024,2,122857,27160,27,ACTIVO,HOTEL PARAISO AZUL MAS QUE UN HOTEL,CHOCO,CERTEGUI,ESTABLECIMIENTOS DE ALOJAMIENTO TURÍSTICO,HOTEL,10,14,2
2024,3,122967,27495,27,ACTIVO,DIAZ PEREA MARGARITA,CHOCO,NUQUI,VIVIENDAS TURÍSTICAS,CASA TURÍSTICA,1,6,0
2024,3,122970,27495,27,ACTIVO,CABAÑA TELLIN,CHOCO,NUQUI,VIVIENDAS TURÍSTICAS,FINCA TURISTICA (ALOJAMIENTO RURAL),7,28,0
2024,1,123693,27075,27,ACTIVO,ALEJANDRO  MARULANDA CASAS,CHOCO,BAHIA SOLANO,VIVIENDAS TURÍSTICAS,FINCA TURISTICA (ALOJAMIENTO RURAL),2,6,0
2024,2,123698,27006,27,ACTIVO,HOTEL BAHIA AGUACATE,CHOCO,ACANDI,ESTABLECIMIENTOS DE ALOJAMIENTO TURÍSTICO,HOTEL,4,20,0
2024,3,123701,27495,27,ACTIVO,RAMIREZ MONTOYA LILIANA MARIA,CHOCO,NUQUI,VIVIENDAS TURÍSTICAS,OTRO TIPO DE VIVIENDA TURÍSTICA,6,12,0
2024,1,124159,27001,27,ACTIVO,HOTEL DE PRIMERA,CHOCO,QUIBDO,ESTABLECIMIENTOS DE ALOJAMIENTO TURÍSTICO,HOTEL,7,10,2
2024,3,125743,27001,27,ACTIVO,Y&L GLOBAL,CHOCO,QUIBDO,AGENCIAS DE VIAJES,AGENCIA DE VIAJES Y DE TURISMO,0,0,0
2024,1,125746,27006,27,ACTIVO,ECOCABAÑA COLIBRÍ,CHOCO,ACANDI,VIVIENDAS TURÍSTICAS,FINCA TURISTICA (ALOJAMIENTO RURAL),3,4,0
2024,3,126395,27495,27,ACTIVO,CHOWA LODGE,CHOCO,NUQUI,VIVIENDAS TURÍSTICAS,FINCA TURISTICA (ALOJAMIENTO RURAL),3,4,0
2024,4,126398,27001,27,ACTIVO,HOTEL PRIMAVERALES,CHOCO,QUIBDO,ESTABLECIMIENTOS DE ALOJAMIENTO TURÍSTICO,HOTEL,10,10,0
2024,2,127854,27006,27,ACTIVO,ALESSIO  BATTI,CHOCO,ACANDI,VIVIENDAS TURÍSTICAS,FINCA TURISTICA (ALOJAMIENTO RURAL),4,10,0
2024,3,127855,27075,27,ACTIVO,POSADA EL SAFIO,CHOCO,BAHIA SOLANO,AGENCIAS DE VIAJES,AGENCIA DE VIAJES OPERADORAS,0,0,1
2024,4,128292,27075,27,ACTIVO,ABSAVENTOUR,CHOCO,BAHIA SOLANO,AGENCIAS DE VIAJES,AGENCIA DE VIAJES OPERADORAS,0,0,0
2024,3,128294,27006,27,ACTIVO,CORREA CAÑAS PAULA ANDREA,CHOCO,ACANDI,VIVIENDAS TURÍSTICAS,OTRO TIPO DE VIVIENDA TURÍSTICA,2,9,0
2024,1,128816,27006,27,ACTIVO,MORENO VASQUEZ DANIELA ANDREA,CHOCO,ACANDI,VIVIENDAS TURÍSTICAS,OTRO TIPO DE VIVIENDA TURÍSTICA,4,8,0
2024,4,128818,27495,27,ACTIVO,IRANA PACIFIC,CHOCO,NUQUI,ESTABLECIMIENTOS DE ALOJAMIENTO TURÍSTICO,HOSTAL,3,10,1
2024,1,129826,27495,27,ACTIVO,TRANSPORTE LAIDA,CHOCO,NUQUI,AGENCIAS DE VIAJES,AGENCIA DE VIAJES Y DE TURISMO,0,0,2
2024,3,129835,27075,27,ACTIVO,POSADA EL ACUARIO,CHOCO,BAHIA SOLANO,VIVIENDAS TURÍSTICAS,FINCA TURISTICA (ALOJAMIENTO RURAL),3,12,0
2024,1,133722,27001,27,ACTIVO,RUBIELA DEL CARMEN GAMBOA BASTIDAS,CHOCO,QUIBDO,VIVIENDAS TURÍSTICAS,APARTAMENTO TURÍSTICO,1,4,0
2024,3,134363,27075,27,ACTIVO,MARADENTRO INVESTIGACION,CHOCO,BAHIA SOLANO,AGENCIAS DE VIAJES,AGENCIA DE VIAJES OPERADORAS,0,0,1
2024,4,134368,27361,27,ACTIVO,HOTEL BRISAS DEL SAN JUAN,CHOCO,ISTMINA,ESTABLECIMIENTOS DE ALOJAMIENTO TURÍSTICO,HOTEL,8,14,0
2024,3,134370,27495,27,ACTIVO,JULIAN  CADAVID MOLINA,CHOCO,NUQUI,VIVIENDAS TURÍSTICAS,OTRO TIPO DE VIVIENDA TURÍSTICA,8,14,0
2024,1,134371,27075,27,ACTIVO,INVERSIONES ALOJAT S.A.S.,CHOCO,BAHIA SOLANO,VIVIENDAS TURÍSTICAS,OTRO TIPO DE VIVIENDA TURÍSTICA,1,5,2
2024,3,134377,27006,27,ACTIVO,HOSTAL EL PORTAL DEL SOL CAPURGANA,CHOCO,ACANDI,ESTABLECIMIENTOS DE ALOJAMIENTO TURÍSTICO,HOSTAL,8,14,0
2024,2,134378,27075,27,ACTIVO,AGUIRRE TORO EL AGUILA DESCALZA S.A.S.,CHOCO,BAHIA SOLANO,VIVIENDAS TURÍSTICAS,FINCA TURISTICA (ALOJAMIENTO RURAL),8,10,8
2024,3,135424,27006,27,ACTIVO,ECOWASI VERA'S,CHOCO,ACANDI,VIVIENDAS TURÍSTICAS,FINCA TURISTICA (ALOJAMIENTO RURAL),2,12,0
2024,4,135428,27006,27,ACTIVO,HOTEL LAS PALMERAS ACANDI,CHOCO,ACANDI,ESTABLECIMIENTOS DE ALOJAMIENTO TURÍSTICO,HOTEL,8,14,0
2024,3,135433,27006,27,ACTIVO,EL HONGO CAPURGANA,CHOCO,ACANDI,VIVIENDAS TURÍSTICAS,FINCA TURISTICA (ALOJAMIENTO RURAL),11,17,0
2024,2,136003,27001,27,ACTIVO,HOTEL MARIA DEL MAR,CHOCO,QUIBDO,ESTABLECIMIENTOS DE ALOJAMIENTO TURÍSTICO,HOTEL,10,11,0
2024,3,136007,27006,27,ACTIVO,FEDERICO  RESTREPO MADRID,CHOCO,ACANDI,VIVIENDAS TURÍSTICAS,CASA TURÍSTICA,1,8,0
2024,2,136009,27006,27,ACTIVO,SANDRA PATRICIA GUZMAN MARTINEZ,CHOCO,ACANDI,VIVIENDAS TURÍSTICAS,CASA TURÍSTICA,2,3,0
2024,2,137431,27006,27,ACTIVO,CASA COSTA YANETH,CHOCO,ACANDI,VIVIENDAS TURÍSTICAS,FINCA TURISTICA (ALOJAMIENTO RURAL),8,14,0
2024,1,137432,27495,27,ACTIVO,EXCURSION CALVIN KLEY,CHOCO,NUQUI,AGENCIAS DE VIAJES,AGENCIA DE VIAJES OPERADORAS,0,0,0
2024,4,137433,27495,27,ACTIVO,MURILLO GARCIA GITA ASHTARUT,CHOCO,NUQUI,VIVIENDAS TURÍSTICAS,FINCA TURISTICA (ALOJAMIENTO RURAL),2,10,0
2024,3,137631,27075,27,ACTIVO,CABAÑAS LAS PERLAS,CHOCO,BAHIA SOLANO,VIVIENDAS TURÍSTICAS,FINCA TURISTICA (ALOJAMIENTO RURAL),8,14,0
2024,1,138538,27495,27,ACTIVO,CASA BALAE,CHOCO,NUQUI,ESTABLECIMIENTOS DE ALOJAMIENTO TURÍSTICO,HOSTAL,7,21,0
2024,4,138540,27495,27,ACTIVO,ALOJAMIENTO SELVA MOJADA,CHOCO,NUQUI,VIVIENDAS TURÍSTICAS,FINCA TURISTICA (ALOJAMIENTO RURAL),8,14,1
2024,4,138542,27495,27,ACTIVO,EL RETOÑO NEGRO GOZÓN,CHOCO,NUQUI,VIVIENDAS TURÍSTICAS,FINCA TURISTICA (ALOJAMIENTO RURAL),8,14,0
2024,3,138546,27006,27,ACTIVO,HOTEL BOUTIQUE SHALOM,CHOCO,ACANDI,ESTABLECIMIENTOS DE ALOJAMIENTO TURÍSTICO,HOTEL,8,14,3
2024,4,138881,27001,27,ACTIVO,INMOBILIARIA SURGIR Y ASOCIADOS LIMITADA,CHOCO,QUIBDO,VIVIENDAS TURÍSTICAS,CASA TURÍSTICA,8,10,4
2024,4,139709,27075,27,ACTIVO,SELVATOUR DEL PACIFICO,CHOCO,BAHIA SOLANO,AGENCIAS DE VIAJES,AGENCIA DE VIAJES MAYORISTAS,0,0,0
2024,4,141075,27075,27,ACTIVO,HOSPEDAJE DOÑA NEL,CHOCO,BAHIA SOLANO,VIVIENDAS TURÍSTICAS,FINCA TURISTICA (ALOJAMIENTO RURAL),7,10,0
2024,4,141538,27495,27,ACTIVO,ESCOMBROS DEL MAR HOSTAL,CHOCO,NUQUI,ESTABLECIMIENTOS DE ALOJAMIENTO TURÍSTICO,HOSTAL,12,40,0
2024,2,143080,27001,27,ACTIVO,AGENCIA DE VIAJES Y TURISMOS PLANEAR VOLAR,CHOCO,QUIBDO,AGENCIAS DE VIAJES,AGENCIA DE VIAJES Y DE TURISMO,0,0,0
2024,1,143711,27660,27,ACTIVO,MILTON ORLANDO PINEDA DUQUE,CHOCO,SAN JOSE DEL PALMAR,GUIAS DE TURISMO,GUIA DE TURISMO,0,0,0
2024,2,144706,27006,27,ACTIVO,JOHNNY  RUEDA PATIÑO,CHOCO,ACANDI,VIVIENDAS TURÍSTICAS,OTRO TIPO DE VIVIENDA TURÍSTICA,2,4,0
2024,3,144711,27006,27,ACTIVO,HOTEL SANTIAGO PLAZA ACANDI,CHOCO,ACANDI,ESTABLECIMIENTOS DE ALOJAMIENTO TURÍSTICO,HOTEL,10,15,0
2024,3,144887,27006,27,ACTIVO,HOSTAL MI CASA ES TU CASA,CHOCO,ACANDI,ESTABLECIMIENTOS DE ALOJAMIENTO TURÍSTICO,HOSTAL,2,5,0
2024,4,147098,27075,27,ACTIVO,ORIGENES ECO REFUGIO,CHOCO,BAHIA SOLANO,AGENCIAS DE VIAJES,AGENCIA DE VIAJES Y DE TURISMO,0,0,0
2024,4,147348,27006,27,ACTIVO,VERONICA  HENAO POSADA,CHOCO,ACANDI,VIVIENDAS TURÍSTICAS,FINCA TURISTICA (ALOJAMIENTO RURAL),1,15,0
2024,3,147434,27006,27,ACTIVO,LUZ MARINA TOBON TORREGLOSA,CHOCO,ACANDI,VIVIENDAS TURÍSTICAS,CASA TURÍSTICA,5,5,0
2024,5,148270,27001,27,ACTIVO,HOTEL LA 8VA,CHOCO,QUIBDO,ESTABLECIMIENTOS DE ALOJAMIENTO TURÍSTICO,HOTEL,24,24,0
2024,3,149000,27006,27,ACTIVO,RECICLARTE GALERIA HOSTAL,CHOCO,ACANDI,ESTABLECIMIENTOS DE ALOJAMIENTO TURÍSTICO,HOSTAL,5,12,0
2024,1,149002,27075,27,ACTIVO,HOTEL TORTUGA BAY,CHOCO,BAHIA SOLANO,ESTABLECIMIENTOS DE ALOJAMIENTO TURÍSTICO,HOTEL,3,12,0
2024,4,149005,27001,27,ACTIVO,INNOVACIONES A&S SERVICIOS Y SUMINISTROS,CHOCO,QUIBDO,AGENCIAS DE VIAJES,AGENCIA DE VIAJES OPERADORAS,0,0,0
2024,4,150089,27495,27,ACTIVO,LA MARTINA ECOLODGE,CHOCO,NUQUI,VIVIENDAS TURÍSTICAS,FINCA TURISTICA (ALOJAMIENTO RURAL),7,24,0
2024,2,150480,27006,27,ACTIVO,MIGUEL  DELGADO GIRALDO,CHOCO,ACANDI,VIVIENDAS TURÍSTICAS,CASA TURÍSTICA,7,7,0
2024,2,150989,27495,27,ACTIVO,PUNTO NUQUI,CHOCO,NUQUI,VIVIENDAS TURÍSTICAS,OTRO TIPO DE VIVIENDA TURÍSTICA,1,10,0
2024,2,152621,27372,27,ACTIVO,DARIEN ADVENTURES S.A.S,CHOCO,JURADO,VIVIENDAS TURÍSTICAS,FINCA TURISTICA (ALOJAMIENTO RURAL),8,16,6
2024,3,153345,27006,27,ACTIVO,HOSTAL BRAINER,CHOCO,ACANDI,ESTABLECIMIENTOS DE ALOJAMIENTO TURÍSTICO,HOSTAL,9,14,0
2024,1,153653,27001,27,ACTIVO,CLEOFE LUDOBINA MAYO MURILLO,CHOCO,QUIBDO,VIVIENDAS TURÍSTICAS,APARTAMENTO TURÍSTICO,1,2,0
2024,2,153909,27001,27,ACTIVO,AGENCIA TURISTICA JAIRO TOURS,CHOCO,QUIBDO,AGENCIAS DE VIAJES,AGENCIA DE VIAJES Y DE TURISMO,0,0,0
2024,3,155169,27006,27,ACTIVO,DIANA CAROLINA CUERVO URIBE,CHOCO,ACANDI,VIVIENDAS TURÍSTICAS,OTRO TIPO DE VIVIENDA TURÍSTICA,2,4,0
2024,3,155492,27495,27,ACTIVO,LAALDEADELPRIMITIVO,CHOCO,NUQUI,VIVIENDAS TURÍSTICAS,FINCA TURISTICA (ALOJAMIENTO RURAL),1,3,0
2024,3,155497,27495,27,ACTIVO,CABAÑAS EL REFUGIO,CHOCO,NUQUI,VIVIENDAS TURÍSTICAS,FINCA TURISTICA (ALOJAMIENTO RURAL),6,6,0
2024,2,156019,27001,27,ACTIVO,BLACK CHOCO TOURS S.A.S,CHOCO,QUIBDO,AGENCIAS DE VIAJES,AGENCIA DE VIAJES OPERADORAS,0,0,0
2024,3,156269,27495,27,ACTIVO,PERLA DEL CABO,CHOCO,NUQUI,VIVIENDAS TURÍSTICAS,FINCA TURISTICA (ALOJAMIENTO RURAL),6,6,0
2024,2,157148,27075,27,ACTIVO,PARAISO SOÑADO,CHOCO,BAHIA SOLANO,AGENCIAS DE VIAJES,AGENCIA DE VIAJES Y DE TURISMO,0,0,2
2024,3,157428,27075,27,ACTIVO,SAPAYOA NATURE TOURS,CHOCO,BAHIA SOLANO,AGENCIAS DE VIAJES,AGENCIA DE VIAJES OPERADORAS,0,0,0
2024,3,157834,27001,27,ACTIVO,RESTAURANTE Y POSADAS NATIVAS YULI MAR,CHOCO,QUIBDO,VIVIENDAS TURÍSTICAS,FINCA TURISTICA (ALOJAMIENTO RURAL),5,7,0
2024,3,158432,27006,27,ACTIVO,HOSTAL LAS FLORES CAPURGANÁ,CHOCO,ACANDI,ESTABLECIMIENTOS DE ALOJAMIENTO TURÍSTICO,HOSTAL,10,23,1
2024,3,159374,27075,27,ACTIVO,POSADA LA ROSA MARINA,CHOCO,BAHIA SOLANO,VIVIENDAS TURÍSTICAS,FINCA TURISTICA (ALOJAMIENTO RURAL),1,4,0
2024,1,159375,27495,27,ACTIVO,CASA YOW SURF,CHOCO,NUQUI,VIVIENDAS TURÍSTICAS,FINCA TURISTICA (ALOJAMIENTO RURAL),2,5,0
2024,3,159642,27495,27,ACTIVO,LA CASA DE IRIS SABOR A PACIFICO,CHOCO,NUQUI,ESTABLECIMIENTOS DE ALOJAMIENTO TURÍSTICO,REFUGIO,6,10,1
2024,4,159983,27006,27,ACTIVO,CABAÑA CRUZ DEL MAR,CHOCO,ACANDI,VIVIENDAS TURÍSTICAS,FINCA TURISTICA (ALOJAMIENTO RURAL),5,10,0
2024,4,159995,27006,27,ACTIVO,AGENCIA VAMOS PA'L MAR CAPURGANÁ,CHOCO,ACANDI,AGENCIAS DE VIAJES,AGENCIA DE VIAJES Y DE TURISMO,0,0,0
2024,2,160227,27495,27,ACTIVO,RAFAEL ANDRES GUEVARA HINCAPIE,CHOCO,NUQUI,VIVIENDAS TURÍSTICAS,FINCA TURISTICA (ALOJAMIENTO RURAL),2,6,0
2024,3,160392,27495,27,ACTIVO,CASA RIO TERCO,CHOCO,NUQUI,ESTABLECIMIENTOS DE ALOJAMIENTO TURÍSTICO,GLAMPING,5,5,0
2024,2,160439,27075,27,ACTIVO,PAKORÉ WERÁ,CHOCO,BAHIA SOLANO,VIVIENDAS TURÍSTICAS,FINCA TURISTICA (ALOJAMIENTO RURAL),3,10,0
2024,3,160460,27001,27,ACTIVO,HOSPEDAJE CESAR CONTO,CHOCO,QUIBDO,ESTABLECIMIENTOS DE ALOJAMIENTO TURÍSTICO,HOSTAL,5,10,1
2024,2,160484,27006,27,ACTIVO,ECOHOTEL LOS ROBLES SAS,CHOCO,ACANDI,ESTABLECIMIENTOS DE ALOJAMIENTO TURÍSTICO,HOTEL,12,37,1
2024,2,160779,27495,27,ACTIVO,NUQUIMEX SAS,CHOCO,NUQUI,VIVIENDAS TURÍSTICAS,FINCA TURISTICA (ALOJAMIENTO RURAL),5,20,3
2024,5,162191,27361,27,ACTIVO,HOTEL VIAJEROS DEL SAN JUAN,CHOCO,ISTMINA,ESTABLECIMIENTOS DE ALOJAMIENTO TURÍSTICO,HOTEL,18,23,3
2024,4,162560,27099,27,ACTIVO,HOTEL MI RECUERDO 22,CHOCO,BOJAYA (BELLAVISTA),ESTABLECIMIENTOS DE ALOJAMIENTO TURÍSTICO,HOTEL,10,10,0
2024,3,163269,27495,27,ACTIVO,PARAISO YUBARTA ECO HOTEL,CHOCO,NUQUI,ESTABLECIMIENTOS DE ALOJAMIENTO TURÍSTICO,HOTEL,6,20,0
2024,2,163270,27001,27,ACTIVO,HOTEL ESTEFANIA QUIBDO,CHOCO,QUIBDO,ESTABLECIMIENTOS DE ALOJAMIENTO TURÍSTICO,HOTEL,36,36,0
2024,4,164388,27075,27,ACTIVO,MAMA ORBE FAMILY ECOFARM,CHOCO,BAHIA SOLANO,ESTABLECIMIENTOS DE ALOJAMIENTO TURÍSTICO,HOSTAL,7,17,0
2024,1,166399,27205,27,ACTIVO,HOTEL EL NUEVO HORIZONTE M. G.,CHOCO,CONDOTO,ESTABLECIMIENTOS DE ALOJAMIENTO TURÍSTICO,HOTEL,22,30,0
2024,3,166589,27495,27,ACTIVO,POSADA PURA VIDA,CHOCO,NUQUI,VIVIENDAS TURÍSTICAS,FINCA TURISTICA (ALOJAMIENTO RURAL),3,6,0
2024,4,166828,27495,27,ACTIVO,NUQUI TOURS,CHOCO,NUQUI,AGENCIAS DE VIAJES,AGENCIA DE VIAJES OPERADORAS,0,0,0
2024,1,167356,27245,27,ACTIVO,ITZAYANA CARMEN DE ATRATO,CHOCO,EL CARMEN,ESTABLECIMIENTOS DE ALOJAMIENTO TURÍSTICO,ALBERGUE,6,20,0
2024,1,167357,27001,27,ACTIVO,ITZAYANA QUIBDO,CHOCO,QUIBDO,ESTABLECIMIENTOS DE ALOJAMIENTO TURÍSTICO,ALBERGUE,8,46,3
2024,3,167358,27495,27,ACTIVO,L.W.L NUQUI TOURS,CHOCO,NUQUI,AGENCIAS DE VIAJES,AGENCIA DE VIAJES Y DE TURISMO,0,0,3
2024,3,167695,27075,27,ACTIVO,POSADA DASMA,CHOCO,BAHIA SOLANO,VIVIENDAS TURÍSTICAS,OTRO TIPO DE VIVIENDA TURÍSTICA,12,31,0
2024,2,167697,27495,27,ACTIVO,ECO RESERVACHURULEJA,CHOCO,NUQUI,VIVIENDAS TURÍSTICAS,FINCA TURISTICA (ALOJAMIENTO RURAL),6,10,0
2024,3,167933,27001,27,ACTIVO,BHACOC,CHOCO,QUIBDO,AGENCIAS DE VIAJES,AGENCIA DE VIAJES Y DE TURISMO,0,0,1
2024,3,167937,27495,27,ACTIVO,VIENTOS DEL PACIFICO,CHOCO,NUQUI,AGENCIAS DE VIAJES,AGENCIA DE VIAJES Y DE TURISMO,0,0,0
2024,1,168191,27006,27,ACTIVO,ANDREA  MAZO GIL,CHOCO,ACANDI,VIVIENDAS TURÍSTICAS,FINCA TURISTICA (ALOJAMIENTO RURAL),6,12,0
2024,3,168578,27075,27,ACTIVO,CAICEDO MOSQUERA BERNABETH,CHOCO,BAHIA SOLANO,VIVIENDAS TURÍSTICAS,FINCA TURISTICA (ALOJAMIENTO RURAL),5,14,0
2024,2,168977,27495,27,ACTIVO,POSADA TURISTICA LAS PALMAS,CHOCO,NUQUI,VIVIENDAS TURÍSTICAS,FINCA TURISTICA (ALOJAMIENTO RURAL),4,8,1
2024,4,168978,27495,27,ACTIVO,OSTIONAL RIVER,CHOCO,NUQUI,ESTABLECIMIENTOS DE ALOJAMIENTO TURÍSTICO,HOTEL,10,10,0
2024,1,169745,27001,27,ACTIVO,AGENCIA DE VIAJES Y OPERADORA DE TURISMO NAYITOUR,CHOCO,QUIBDO,AGENCIAS DE VIAJES,AGENCIA DE VIAJES OPERADORAS,0,0,0
2024,2,169746,27495,27,ACTIVO,ZAMORA FERNANDEZ ESTEFANIA,CHOCO,NUQUI,VIVIENDAS TURÍSTICAS,FINCA TURISTICA (ALOJAMIENTO RURAL),4,8,0
2024,2,170222,27495,27,ACTIVO,VILLA INESITA,CHOCO,NUQUI,VIVIENDAS TURÍSTICAS,FINCA TURISTICA (ALOJAMIENTO RURAL),5,5,0
2024,4,170331,27075,27,ACTIVO,POSADA LA PALMERA,CHOCO,BAHIA SOLANO,VIVIENDAS TURÍSTICAS,OTRO TIPO DE VIVIENDA TURÍSTICA,1,12,0
2024,3,170670,27001,27,ACTIVO,HOTEL TORRE DORADA ALAMEDA CHOCÓ,CHOCO,QUIBDO,ESTABLECIMIENTOS DE ALOJAMIENTO TURÍSTICO,HOTEL,20,20,0
2024,3,170869,27075,27,ACTIVO,HOTEL PLAYA DUBAI,CHOCO,BAHIA SOLANO,VIVIENDAS TURÍSTICAS,FINCA TURISTICA (ALOJAMIENTO RURAL),11,15,0
2024,4,171090,27495,27,ACTIVO,POSADA LAURA SOFIA,CHOCO,NUQUI,VIVIENDAS TURÍSTICAS,FINCA TURISTICA (ALOJAMIENTO RURAL),5,5,0
2024,3,171960,27495,27,ACTIVO,HOTEL BRISA DE JURUBIRA,CHOCO,NUQUI,ESTABLECIMIENTOS DE ALOJAMIENTO TURÍSTICO,HOTEL,9,15,0
2024,3,172921,27495,27,ACTIVO,ENCANTO NUQUI,CHOCO,NUQUI,ESTABLECIMIENTOS DE ALOJAMIENTO TURÍSTICO,HOTEL,20,25,0
2024,4,173206,27006,27,ACTIVO,MONTOYA BERRIO ROSANA,CHOCO,ACANDI,VIVIENDAS TURÍSTICAS,OTRO TIPO DE VIVIENDA TURÍSTICA,1,20,0
2024,1,173365,27495,27,ACTIVO,VIVI(VIVE VIAJE),CHOCO,NUQUI,AGENCIAS DE VIAJES,AGENCIA DE VIAJES Y DE TURISMO,0,0,0
2024,3,173369,27075,27,ACTIVO,LAURA CONSUELO ASPRILLA PALOMINO,CHOCO,BAHIA SOLANO,VIVIENDAS TURÍSTICAS,FINCA TURISTICA (ALOJAMIENTO RURAL),1,16,0
2024,3,173568,27495,27,ACTIVO,HOTEL CANITA,CHOCO,NUQUI,ESTABLECIMIENTOS DE ALOJAMIENTO TURÍSTICO,HOTEL,8,8,0
2024,3,174293,27495,27,ACTIVO,POSADA LADY MAR,CHOCO,NUQUI,VIVIENDAS TURÍSTICAS,FINCA TURISTICA (ALOJAMIENTO RURAL),8,8,0
2024,1,176037,27006,27,ACTIVO,CAPURGANA DESTINO IDEAL  AGENCIA DE VIAJES,CHOCO,ACANDI,AGENCIAS DE VIAJES,AGENCIA DE VIAJES Y DE TURISMO,0,0,0
2024,3,176272,27001,27,ACTIVO,ANDROS GRUPO INTEGRAL S.A.S.,CHOCO,QUIBDO,AGENCIAS DE VIAJES,AGENCIA DE VIAJES OPERADORAS,0,0,1
2024,3,176565,27006,27,ACTIVO,AQUAGEM COLOMBIA S.A.S.,CHOCO,ACANDI,VIVIENDAS TURÍSTICAS,FINCA TURISTICA (ALOJAMIENTO RURAL),9,15,0
2024,4,176566,27006,27,ACTIVO,BECERRA MENDOZA JORGE ALEJANDRO,CHOCO,ACANDI,VIVIENDAS TURÍSTICAS,OTRO TIPO DE VIVIENDA TURÍSTICA,3,9,0
2024,1,177140,27099,27,ACTIVO,DULCE TOURS,CHOCO,BOJAYA (BELLAVISTA),AGENCIAS DE VIAJES,AGENCIA DE VIAJES OPERADORAS,0,0,0
2024,1,177291,27495,27,ACTIVO,RAMIREZ CUJAR ANDRES MAURICIO,CHOCO,NUQUI,VIVIENDAS TURÍSTICAS,CASA TURÍSTICA,1,4,0
2024,3,177966,27495,27,ACTIVO,CABAÑAS BRISAS DEL MAR TITA,CHOCO,NUQUI,VIVIENDAS TURÍSTICAS,FINCA TURISTICA (ALOJAMIENTO RURAL),6,10,0
2024,1,178450,27001,27,ACTIVO,HOTEL BOHO BOUTIQUE,CHOCO,QUIBDO,ESTABLECIMIENTOS DE ALOJAMIENTO TURÍSTICO,HOTEL,30,48,0
2024,3,178454,27075,27,ACTIVO,MARICELA  GOMEZ FLOREZ,CHOCO,BAHIA SOLANO,VIVIENDAS TURÍSTICAS,FINCA TURISTICA (ALOJAMIENTO RURAL),8,8,0
2024,3,178904,27001,27,ACTIVO,AGENCIA DE VIAJES JEINS TRAVEL S.A.S.,CHOCO,QUIBDO,AGENCIAS DE VIAJES,AGENCIA DE VIAJES Y DE TURISMO,0,0,1
2024,4,179224,27372,27,ACTIVO,BEAUTIFUL ISLAND,CHOCO,JURADO,ESTABLECIMIENTOS DE ALOJAMIENTO TURÍSTICO,HOTEL,26,32,0
2024,2,179226,27075,27,ACTIVO,JESSICA  BUILES RIOS,CHOCO,BAHIA SOLANO,VIVIENDAS TURÍSTICAS,FINCA TURISTICA (ALOJAMIENTO RURAL),3,6,0
2024,4,179638,27001,27,ACTIVO,GILMAR AUGUSTO MENA ABADIA,CHOCO,QUIBDO,VIVIENDAS TURÍSTICAS,FINCA TURISTICA (ALOJAMIENTO RURAL),1,20,0
2024,3,182665,27006,27,ACTIVO,MICHELLY ABANET ZAPATA,CHOCO,ACANDI,VIVIENDAS TURÍSTICAS,OTRO TIPO DE VIVIENDA TURÍSTICA,2,3,0
2024,4,182788,27006,27,ACTIVO,THE WAGO TRAVEL,CHOCO,ACANDI,ESTABLECIMIENTOS DE ALOJAMIENTO TURÍSTICO,CENTRO VACACIONAL,5,12,1
2024,3,183274,27006,27,ACTIVO,HOSTAL COCOMAR,CHOCO,ACANDI,VIVIENDAS TURÍSTICAS,FINCA TURISTICA (ALOJAMIENTO RURAL),4,10,0
2024,3,184488,27495,27,ACTIVO,HOTEL MELEMAR,CHOCO,NUQUI,ESTABLECIMIENTOS DE ALOJAMIENTO TURÍSTICO,HOTEL,9,11,2
2024,2,184790,27495,27,ACTIVO,ECOLODGE AZUL PARADISE,CHOCO,NUQUI,ESTABLECIMIENTOS DE ALOJAMIENTO TURÍSTICO,HOTEL,3,13,0
2024,3,185390,27001,27,ACTIVO,INMOBILIARIA CORAZON DE JESUS SAS,CHOCO,QUIBDO,VIVIENDAS TURÍSTICAS,APARTAMENTO TURÍSTICO,1,3,0
2024,3,185585,27001,27,ACTIVO,ENRIQUE DE JESUS VALENCIA MOSQUERA,CHOCO,QUIBDO,VIVIENDAS TURÍSTICAS,APARTAMENTO TURÍSTICO,1,5,0
2024,4,185753,27001,27,ACTIVO,HOTEL EMALU M&C,CHOCO,QUIBDO,ESTABLECIMIENTOS DE ALOJAMIENTO TURÍSTICO,HOTEL,20,20,0
2024,3,185754,27075,27,ACTIVO,POSADA EL MANGLAR,CHOCO,BAHIA SOLANO,VIVIENDAS TURÍSTICAS,FINCA TURISTICA (ALOJAMIENTO RURAL),1,9,0
2024,4,187237,27006,27,ACTIVO,HOTEL PIEDRA VIVA CAPURGANA,CHOCO,ACANDI,ESTABLECIMIENTOS DE ALOJAMIENTO TURÍSTICO,HOTEL,10,10,8
2024,3,189171,27001,27,ACTIVO,MOSQUERA MORENO ANDRES FELIPE,CHOCO,QUIBDO,VIVIENDAS TURÍSTICAS,APARTAMENTO TURÍSTICO,1,2,0
2024,3,189172,27001,27,ACTIVO,MOSQUERA MORENO ANDRES FELIPE,CHOCO,QUIBDO,VIVIENDAS TURÍSTICAS,APARTAMENTO TURÍSTICO,1,2,0
2024,3,189173,27001,27,ACTIVO,MOSQUERA MORENO ANDRES FELIPE,CHOCO,QUIBDO,VIVIENDAS TURÍSTICAS,APARTAMENTO TURÍSTICO,1,2,0
2024,3,189176,27001,27,ACTIVO,MOSQUERA MORENO ANDRES FELIPE,CHOCO,QUIBDO,VIVIENDAS TURÍSTICAS,APARTAMENTO TURÍSTICO,1,2,0
2024,1,189333,27001,27,ACTIVO,EBANO COMPANY SAS,CHOCO,QUIBDO,AGENCIAS DE VIAJES,AGENCIA DE VIAJES Y DE TURISMO,0,0,2
2024,2,189623,27495,27,ACTIVO,ECOLODGE LA JOVISEÑA S.A.S.,CHOCO,NUQUI,VIVIENDAS TURÍSTICAS,FINCA TURISTICA (ALOJAMIENTO RURAL),7,26,0
2024,1,192456,27245,27,ACTIVO,JAVIER ORLANDO PEREZ JIMENEZ,CHOCO,EL CARMEN,GUIAS DE TURISMO,GUIA DE TURISMO,0,0,0
2024,1,192638,27006,27,ACTIVO,EDWIN ALEXANDER CARDENAS,CHOCO,ACANDI,VIVIENDAS TURÍSTICAS,FINCA TURISTICA (ALOJAMIENTO RURAL),1,12,0
2024,1,193065,27006,27,ACTIVO,MARIA  LUNA ORTIZ RODRIGUEZ,CHOCO,ACANDI,VIVIENDAS TURÍSTICAS,OTRO TIPO DE VIVIENDA TURÍSTICA,2,6,0
2024,1,193267,27001,27,ACTIVO,CHOCOANIZANDO,CHOCO,QUIBDO,AGENCIAS DE VIAJES,AGENCIA DE VIAJES Y DE TURISMO,0,0,0
2024,1,193428,27075,27,ACTIVO,JARLID,CHOCO,BAHIA SOLANO,VIVIENDAS TURÍSTICAS,FINCA TURISTICA (ALOJAMIENTO RURAL),4,4,0
2024,1,193862,27001,27,ACTIVO,CAROLINA  OLARTE MORALES,CHOCO,QUIBDO,VIVIENDAS TURÍSTICAS,APARTAMENTO TURÍSTICO,1,4,0
2024,1,193939,27001,27,ACTIVO,ASOCIACION ECOMEDIO AMBIENTAL,CHOCO,QUIBDO,AGENCIAS DE VIAJES,AGENCIA DE VIAJES OPERADORAS,0,0,0
2024,1,194054,27495,27,ACTIVO,ASOCIACION DE TURISMO COMUNITARIO ENCANTO NATURAL JANANO,CHOCO,NUQUI,VIVIENDAS TURÍSTICAS,OTRO TIPO DE VIVIENDA TURÍSTICA,25,50,0
2024,1,194245,27006,27,ACTIVO,OCEANDTOURS,CHOCO,ACANDI,AGENCIAS DE VIAJES,AGENCIA DE VIAJES Y DE TURISMO,0,0,1
2024,1,194339,27413,27,ACTIVO,CORDOBA RENTERIA MIREYA,CHOCO,LLORO,VIVIENDAS TURÍSTICAS,OTRO TIPO DE VIVIENDA TURÍSTICA,18,21,0
2024,2,194983,27495,27,ACTIVO,VALENCIA MORENO MILIZAR LUZ YENNY,CHOCO,NUQUI,VIVIENDAS TURÍSTICAS,CASA TURÍSTICA,1,2,0
2024,2,195415,27050,27,ACTIVO,HOTEL YUTO,CHOCO,ATRATO,ESTABLECIMIENTOS DE ALOJAMIENTO TURÍSTICO,HOTEL,7,7,0
2024,2,195494,27495,27,ACTIVO,CABAÑA SELVA Y MAS,CHOCO,NUQUI,VIVIENDAS TURÍSTICAS,FINCA TURISTICA (ALOJAMIENTO RURAL),8,14,0
2024,2,195512,27001,27,ACTIVO,RIO: PUEBLO DE LA ALEGRIA CENTRO CULTURAL,CHOCO,QUIBDO,ESTABLECIMIENTOS DE GASTRONOMÍA,RESTAURANTE,0,0,1
2024,2,195634,27495,27,ACTIVO,HOTEL RAFA & MELISSA,CHOCO,NUQUI,ESTABLECIMIENTOS DE ALOJAMIENTO TURÍSTICO,HOTEL,1,14,2
2024,2,195751,27495,27,ACTIVO,POSADA SARAMAR,CHOCO,NUQUI,VIVIENDAS TURÍSTICAS,FINCA TURISTICA (ALOJAMIENTO RURAL),4,3,0
2024,2,196845,27006,27,ACTIVO,JHON FREDY BUENDIA MEJIA,CHOCO,ACANDI,VIVIENDAS TURÍSTICAS,OTRO TIPO DE VIVIENDA TURÍSTICA,2,10,0
2024,2,196901,27001,27,ACTIVO,PARAISO VIA ICHO,CHOCO,QUIBDO,ESTABLECIMIENTOS DE ALOJAMIENTO TURÍSTICO,ALBERGUE,3,19,0
2024,2,197260,27495,27,ACTIVO,JUAN FELIPE SIERRA DE LA ROSA,CHOCO,NUQUI,VIVIENDAS TURÍSTICAS,OTRO TIPO DE VIVIENDA TURÍSTICA,1,6,0
2024,2,197307,27075,27,ACTIVO,MARIA CAMILA CEBALLOS ANGEL,CHOCO,BAHIA SOLANO,VIVIENDAS TURÍSTICAS,OTRO TIPO DE VIVIENDA TURÍSTICA,1,10,0
2024,2,197691,27495,27,ACTIVO,LINSEY ANN RANKIN,CHOCO,NUQUI,VIVIENDAS TURÍSTICAS,FINCA TURISTICA (ALOJAMIENTO RURAL),1,4,0
2024,2,197939,27001,27,ACTIVO,HOTEL EL IMPERIO QUIBDÓ,CHOCO,QUIBDO,ESTABLECIMIENTOS DE ALOJAMIENTO TURÍSTICO,HOTEL,16,19,0
2024,2,198343,27001,27,ACTIVO,HOTEL LAS BRISAS DE ASIS,CHOCO,QUIBDO,ESTABLECIMIENTOS DE ALOJAMIENTO TURÍSTICO,HOTEL,13,15,0
2024,3,198773,27001,27,ACTIVO,AGENCIA DE VIAJES PACIFICO AZUL LTDA,CHOCO,QUIBDO,AGENCIAS DE VIAJES,AGENCIA DE VIAJES Y DE TURISMO,0,0,1
2024,3,199630,27077,27,ACTIVO,CENTRO ECOTURISMO MI SENDERITO,CHOCO,BAJO BAUDO (PIZARRO),VIVIENDAS TURÍSTICAS,FINCA TURISTICA (ALOJAMIENTO RURAL),5,5,0
2024,3,199686,27006,27,ACTIVO,DIGNO  MESTRA MORELO,CHOCO,ACANDI,VIVIENDAS TURÍSTICAS,OTRO TIPO DE VIVIENDA TURÍSTICA,1,4,0
2024,3,199798,27495,27,ACTIVO,CABAÑA Y HELADOS VIKANA,CHOCO,NUQUI,VIVIENDAS TURÍSTICAS,FINCA TURISTICA (ALOJAMIENTO RURAL),1,12,0
2024,3,199824,27495,27,ACTIVO,NAISA TOURS NUQUI,CHOCO,NUQUI,AGENCIAS DE VIAJES,AGENCIA DE VIAJES OPERADORAS,0,0,0
2024,3,199951,27495,27,ACTIVO,POSADA NATIVA LA CHONTADURA,CHOCO,NUQUI,VIVIENDAS TURÍSTICAS,FINCA TURISTICA (ALOJAMIENTO RURAL),3,5,0
2024,3,200130,27495,27,ACTIVO,MORRO TERCO,CHOCO,NUQUI,VIVIENDAS TURÍSTICAS,FINCA TURISTICA (ALOJAMIENTO RURAL),7,18,1
2024,3,200340,27495,27,ACTIVO,POSADA NATIVA MAMA NATY,CHOCO,NUQUI,VIVIENDAS TURÍSTICAS,FINCA TURISTICA (ALOJAMIENTO RURAL),8,12,0
2024,3,200464,27075,27,ACTIVO,JUNÁ ECOTOURS,CHOCO,BAHIA SOLANO,AGENCIAS DE VIAJES,AGENCIA DE VIAJES Y DE TURISMO,0,0,0
2024,3,200466,27495,27,ACTIVO,NUQUI GO,CHOCO,NUQUI,AGENCIAS DE VIAJES,AGENCIA DE VIAJES OPERADORAS,0,0,0
2024,3,200469,27495,27,ACTIVO,NUQUI HERPING,CHOCO,NUQUI,AGENCIAS DE VIAJES,AGENCIA DE VIAJES OPERADORAS,0,0,1
2024,3,200490,27006,27,ACTIVO,JUNTA DE ACCION COMUNAL DEL CORREGIMIENTO DE CAPURGANA,CHOCO,ACANDI,VIVIENDAS TURÍSTICAS,FINCA TURISTICA (ALOJAMIENTO RURAL),14,42,0
2024,3,200734,27245,27,ACTIVO,HOTEL BELIMAR,CHOCO,EL CARMEN,ESTABLECIMIENTOS DE ALOJAMIENTO TURÍSTICO,HOTEL,8,12,0
2024,3,200735,27006,27,ACTIVO,HOSPEDAJE LOS FINOS,CHOCO,ACANDI,ESTABLECIMIENTOS DE ALOJAMIENTO TURÍSTICO,HOSTAL,6,20,0
2024,3,200737,27001,27,ACTIVO,VIAJES VIVE MAR,CHOCO,QUIBDO,AGENCIAS DE VIAJES,AGENCIA DE VIAJES OPERADORAS,0,0,0
2024,3,200913,27001,27,ACTIVO,HOSPEDAJE EL CAMINO,CHOCO,QUIBDO,ESTABLECIMIENTOS DE ALOJAMIENTO TURÍSTICO,HOTEL,20,40,0
2024,3,201218,27001,27,ACTIVO,WONTANARA HOSTAL AFROCULTURAL,CHOCO,QUIBDO,ESTABLECIMIENTOS DE ALOJAMIENTO TURÍSTICO,HOSTAL,3,8,0
2024,3,201391,27006,27,ACTIVO,PALACIOS PALACIOS JOSE ARIEL,CHOCO,ACANDI,VIVIENDAS TURÍSTICAS,OTRO TIPO DE VIVIENDA TURÍSTICA,2,6,0
2024,3,201871,27495,27,ACTIVO,CABAÑAS SONONA,CHOCO,NUQUI,VIVIENDAS TURÍSTICAS,FINCA TURISTICA (ALOJAMIENTO RURAL),3,6,0
2024,3,201920,27495,27,ACTIVO,POSADA TURISTICA VIENTOS DE YUBARTA,CHOCO,NUQUI,VIVIENDAS TURÍSTICAS,FINCA TURISTICA (ALOJAMIENTO RURAL),4,12,0
2024,3,202066,27810,27,ACTIVO,HOTEL Y RESTAURANTE EL PORTAL LA YE,CHOCO,UNION  PANAMERICANA,ESTABLECIMIENTOS DE ALOJAMIENTO TURÍSTICO,HOSTAL,12,20,0
2024,3,202131,27495,27,ACTIVO,NICHILA ECOHOTEL,CHOCO,NUQUI,VIVIENDAS TURÍSTICAS,OTRO TIPO DE VIVIENDA TURÍSTICA,1,10,0
2024,3,202134,27495,27,ACTIVO,MANGATA LODGE,CHOCO,NUQUI,VIVIENDAS TURÍSTICAS,OTRO TIPO DE VIVIENDA TURÍSTICA,3,9,0
2024,3,202432,27495,27,ACTIVO,POSADA ECOTURISTICA Y CULTURAL CARACOLI,CHOCO,NUQUI,VIVIENDAS TURÍSTICAS,FINCA TURISTICA (ALOJAMIENTO RURAL),1,3,0
2024,3,202563,27001,27,ACTIVO,AGENCIA DE VIAJES TOUR ARANGO,CHOCO,QUIBDO,AGENCIAS DE VIAJES,AGENCIA DE VIAJES Y DE TURISMO,0,0,1
2024,3,202931,27006,27,ACTIVO,HOSPEDAJE KAIROS CAPURGANA,CHOCO,ACANDI,ESTABLECIMIENTOS DE ALOJAMIENTO TURÍSTICO,HOTEL,4,19,0
2024,3,202932,27001,27,ACTIVO,HOSPEDAJERESTAURANTE EL PARADOR,CHOCO,QUIBDO,ESTABLECIMIENTOS DE ALOJAMIENTO TURÍSTICO,HOTEL,28,34,3
2024,3,202948,27075,27,ACTIVO,NATIVOTOURS,CHOCO,BAHIA SOLANO,VIVIENDAS TURÍSTICAS,FINCA TURISTICA (ALOJAMIENTO RURAL),11,8,0
2024,3,203383,27495,27,ACTIVO,TOURS PACIFICO NUQUI SAS,CHOCO,NUQUI,VIVIENDAS TURÍSTICAS,OTRO TIPO DE VIVIENDA TURÍSTICA,4,8,0
2024,4,203391,27001,27,ACTIVO,HOTEL EL VIAJERO QUIBDO,CHOCO,QUIBDO,ESTABLECIMIENTOS DE ALOJAMIENTO TURÍSTICO,HOTEL,10,10,0
2024,4,204051,27495,27,ACTIVO,POSADA DOÑA CONCHA,CHOCO,NUQUI,VIVIENDAS TURÍSTICAS,FINCA TURISTICA (ALOJAMIENTO RURAL),10,10,0
2024,4,204240,27495,27,ACTIVO,MOSQUERA PANDALES BRUMILDA,CHOCO,NUQUI,VIVIENDAS TURÍSTICAS,FINCA TURISTICA (ALOJAMIENTO RURAL),1,9,0
2024,4,204286,27001,27,ACTIVO,NIKO TOUR,CHOCO,QUIBDO,AGENCIAS DE VIAJES,AGENCIA DE VIAJES OPERADORAS,0,0,1
2024,4,204787,27495,27,ACTIVO,RESTAURANTE LILS,CHOCO,NUQUI,ESTABLECIMIENTOS DE GASTRONOMÍA,RESTAURANTE,0,0,0
2024,4,204788,27077,27,ACTIVO,HOSPEDAJE LIMONAR,CHOCO,BAJO BAUDO (PIZARRO),ESTABLECIMIENTOS DE ALOJAMIENTO TURÍSTICO,HOTEL,35,38,0
2024,4,205009,27495,27,ACTIVO,POSADA NATIVA LA VERANERA,CHOCO,NUQUI,VIVIENDAS TURÍSTICAS,FINCA TURISTICA (ALOJAMIENTO RURAL),5,10,0
2024,4,205253,27495,27,ACTIVO,MORADA DEL MAR,CHOCO,NUQUI,VIVIENDAS TURÍSTICAS,FINCA TURISTICA (ALOJAMIENTO RURAL),5,5,0
2024,4,205274,27495,27,ACTIVO,DROGUERIA RESTAURANTE Y HOSTAL YAMI,CHOCO,NUQUI,ESTABLECIMIENTOS DE GASTRONOMÍA,RESTAURANTE,0,0,0
2024,4,205276,27001,27,ACTIVO,AGENCIA DE VIAJES ROMA,CHOCO,QUIBDO,AGENCIAS DE VIAJES,AGENCIA DE VIAJES OPERADORAS,0,0,1
2024,4,205277,27006,27,ACTIVO,HOSTAL LOS CORALES CAPURGANA,CHOCO,ACANDI,ESTABLECIMIENTOS DE ALOJAMIENTO TURÍSTICO,HOSTAL,5,32,0
2024,4,205507,27075,27,ACTIVO,TRANSPORTADORA JADEL,CHOCO,BAHIA SOLANO,AGENCIAS DE VIAJES,AGENCIA DE VIAJES OPERADORAS,0,0,0
2024,4,205715,27001,27,ACTIVO,CENTRO DE SERVICIOS TURÍSTICOS ICHOTUR,CHOCO,QUIBDO,OFICINAS DE REPRESENTACION TURÍSTICA,OFICINA DE REPRESENTACION TURÍSTICA,0,0,0
2024,4,206026,27495,27,ACTIVO,POSADA NATIVA LA ALMEJA,CHOCO,NUQUI,VIVIENDAS TURÍSTICAS,FINCA TURISTICA (ALOJAMIENTO RURAL),4,6,0
2024,4,206062,27075,27,ACTIVO,GARCIA MURILLO CRISTIAN,CHOCO,BAHIA SOLANO,VIVIENDAS TURÍSTICAS,FINCA TURISTICA (ALOJAMIENTO RURAL),1,93,0
2024,4,206308,27006,27,ACTIVO,HOTEL PUNTA PINORROA GASTROBAR,CHOCO,ACANDI,ESTABLECIMIENTOS DE ALOJAMIENTO TURÍSTICO,HOTEL,11,30,0
2024,4,206309,27361,27,ACTIVO,HOTEL LA GRAN ESTACIÓN DE ISTMINA,CHOCO,ISTMINA,ESTABLECIMIENTOS DE ALOJAMIENTO TURÍSTICO,HOTEL,12,15,0
2024,4,206435,27495,27,ACTIVO,POSADA NATIVA EL TAMBO,CHOCO,NUQUI,VIVIENDAS TURÍSTICAS,FINCA TURISTICA (ALOJAMIENTO RURAL),4,14,1
2024,4,206775,27006,27,ACTIVO,SERRANO VANEGAS LUZ MYRIAN,CHOCO,ACANDI,VIVIENDAS TURÍSTICAS,OTRO TIPO DE VIVIENDA TURÍSTICA,4,10,0
2024,4,206802,27075,27,ACTIVO,CABAÑAS ECOPOSADA LOS MORROS,CHOCO,BAHIA SOLANO,ESTABLECIMIENTOS DE ALOJAMIENTO TURÍSTICO,HOSTAL,1,5,0
2024,4,206992,27245,27,ACTIVO,HOSPEDAJE DONDE GLORIA,CHOCO,EL CARMEN,VIVIENDAS TURÍSTICAS,FINCA TURISTICA (ALOJAMIENTO RURAL),14,18,0
2024,4,207073,27001,27,ACTIVO,HOTEL MI FARAON,CHOCO,QUIBDO,ESTABLECIMIENTOS DE ALOJAMIENTO TURÍSTICO,HOTEL,15,15,0
2024,4,207726,27006,27,ACTIVO,TRANSRIO ACANDÍ,CHOCO,ACANDI,AGENCIAS DE VIAJES,AGENCIA DE VIAJES Y DE TURISMO,0,0,1
2024,4,207917,27495,27,ACTIVO,POSADA TURISTICA CELESTE,CHOCO,NUQUI,VIVIENDAS TURÍSTICAS,FINCA TURISTICA (ALOJAMIENTO RURAL),1,4,0
2024,4,208007,27495,27,ACTIVO,POSADA TURISTICA DAMAGUA,CHOCO,NUQUI,VIVIENDAS TURÍSTICAS,FINCA TURISTICA (ALOJAMIENTO RURAL),1,9,0
2024,4,208093,27495,27,ACTIVO,YADIS ALEXA CUESTA PALACIOS,CHOCO,NUQUI,VIVIENDAS TURÍSTICAS,CASA TURÍSTICA,2,9,0
2024,4,208100,27495,27,ACTIVO,YADIS ALEXA CUESTA PALACIOS,CHOCO,NUQUI,VIVIENDAS TURÍSTICAS,CASA TURÍSTICA,1,3,0
2024,5,208176,27075,27,ACTIVO,GRUPO KAJUYALI 8 S.A.S.,CHOCO,BAHIA SOLANO,VIVIENDAS TURÍSTICAS,OTRO TIPO DE VIVIENDA TURÍSTICA,4,120,0
2024,5,208696,27001,27,ACTIVO,PACIFIC DESCUBRE,CHOCO,QUIBDO,AGENCIAS DE VIAJES,AGENCIA DE VIAJES Y DE TURISMO,0,0,2
2024,5,208890,27006,27,ACTIVO,AGENCIA DE VIAJES ACANDÍ TOURS,CHOCO,ACANDI,AGENCIAS DE VIAJES,AGENCIA DE VIAJES Y DE TURISMO,0,0,0
2024,5,208924,27075,27,ACTIVO,MAJAGUA. MAGIA DEL PACIFICO,CHOCO,BAHIA SOLANO,VIVIENDAS TURÍSTICAS,OTRO TIPO DE VIVIENDA TURÍSTICA,3,7,0
2024,5,209130,27800,27,ACTIVO,HOTEL MI CURRO,CHOCO,UNGUIA,ESTABLECIMIENTOS DE ALOJAMIENTO TURÍSTICO,HOTEL,8,15,0
2024,5,209462,27495,27,ACTIVO,HOSTAL CLAUS,CHOCO,NUQUI,ESTABLECIMIENTOS DE ALOJAMIENTO TURÍSTICO,HOTEL,1,8,0
2024,5,209464,27495,27,ACTIVO,PROMOTORA DE TURISMO DOJIRAMA LTDA,CHOCO,NUQUI,AGENCIAS DE VIAJES,AGENCIA DE VIAJES Y DE TURISMO,0,0,1
